모집 여부,제목,신청기간,담당기관,진행일정,문의 전화,문의 이메일,지원대상,상세정보,URL
,,,,,,,,,
,,,,,,,,,
,,,,,,,,,
,,,,,,,,,
,,,,,,,,,
,,,,,,,,,
,,,,,,,,,
,,,,,,,,,
,,,,,,,,,
,,,,,,,,,
,,,,,,,,,
,,,,,,,,,
,,,,,,,,,
,,,,,,,,,
,,,,,,,,,
,,,,,,,,,
,,,,,,,,,
,,,,,,,,,
,,,,,,,,,
모집중,2025 찾아가는 비즈니스 상담 (웹툰분야),2025-07-24~ 2025-07-30,"부산정보산업진흥원, 부산콘텐츠진흥원",2025-8-26,051-749-9163,-,부산지역 웹툰분야 기업 및 창작자,,http://www.busanit.or.kr/board/view.asp?bidx=17774&bcode=notice&ipage=1&sword=&search_txt=
모집중,2025 콘텐츠기업 헬프데스크 관련 마케팅 교육참가자 모집,~2025-7-28,부산정보산업진흥원,"2025. 7. 29(화), 14:00~17:00(3시간)",051-749-9189,egg0717@bipa.kr,마케팅 관심있는 스타트업 대표 및 임직원,,http://www.busanit.or.kr/board/view.asp?bidx=17768&bcode=notice&ipage=1&sword=&search_txt=
모집중,2025 부산 가상증강현실 융복합센터 마케팅 지원 사업 모집 공고,2025-7-24~2025-8-7,부산정보산업진흥원,2025-8~2026-1,051-749-9162,imchenfb@bipa.kr,부산지역 가상융합산업(VR/AR/XR/메타버스) 분야 기업,,http://www.busanit.or.kr/board/view.asp?bidx=17766&bcode=notice&ipage=1&sword=&search_txt=
모집중,2025년 부산AI실증지원센터」고성능컴퓨터 사용 지원사업 참여기업 모집 공고,2025-7-23~2025-12-26,부산정보산업진흥원,2025-7-23~2025-12-26,051-749-9454,samgak@bipa.kr,"AI개발자/1인사업가/ 대학원생, AI솔루션 보유업체 등 ",,http://www.busanit.or.kr/board/view.asp?bidx=17765&bcode=notice&ipage=1&sword=&search_txt=
모집중,윈스테크넷 채용연계형 사이버보안 전문인력 양성과정 교육생 모집,2025-7-21~2025-8-12,부산정보산업진흥원,2025-8-27~2025-12-03,051-922-2660,recruit@wins21.co.kr,만 34세 이하 기졸업자 또는 2026년 2월 졸업 예정자,,http://www.busanit.or.kr/board/view.asp?bidx=17761&bcode=notice&ipage=1&sword=&search_txt=
모집중,2025 부산시 빅데이터 전문가 양성과정 훈련생 모집,~2025-7-31,부산정보산업진흥원,2025-7~2026-1,051-831-0470,busan@kfq.or.kr,"부산거주자, 부산소재 대학 졸업(예정)자, 만 18~39세 미만 미취업 청년",,http://www.busanit.or.kr/board/view.asp?bidx=17732&bcode=notice&ipage=1&sword=&search_txt=
모집중,제12회 대한민국 SW 융합 해커톤 대회 부산지역 참가자 모집공고,2025-7-21~2025-8-10,부산정보산업진흥원 포함 전국 12개 지역SW산업진흥기관,2025-8-29~2025-8-31,051-749-9379,kcy1@busanit.or.kr , 부산 지역 소재 만 15세 이상 중ㆍ고ㆍ대학생 및 일반인,,http://busanit.or.kr/board/view.asp?bidx=17730&bcode=notice_e&ipage=1
모집중,2025년 부산콘텐츠비즈타운(기업지원센터) 2차 입주기업 모집 공고,2025-7-21~2025-8-4,부산정보산업진흥원,2025-7-21~2025-8-4,061-791-2000,photo75@busanit.or.kr,문화콘텐츠 분야 사업자(종업원수 2인이상),,http://www.busanit.or.kr/board/view.asp?bidx=17721&bcode=notice&ipage=1&sword=&search_txt=
모집중,XR 메타버스 활용 전문가 양성 교육과정 교육생 모집,2025-8-1~2025-8-28,"과기부, 정보통신산업진흥원, 부산정보산업진흥원 ",2025-8-1~2025-8-28,070-471-0991,swim118@samwooim.com,"언리얼엔진 교육 희망자(관련 전공자, 구직자, 재직자 등)",,http://www.busanit.or.kr/board/view.asp?bidx=17720&bcode=notice&ipage=1&sword=&search_txt=
모집중,웹소설 공모전 모집공고,2025-7-9~2025-10-31,부산콘텐츠코리아랩,2025-7-9~2025-10-31,051-749-9163,hoon927@busanit.or.kr,부산 거주 웹소설 작가(예비 창작자 포함),,http://www.busanit.or.kr/board/view.asp?bidx=17683&bcode=notice&ipage=2&sword=&search_txt=
모집중,「SaaS 전환을 위한 클라우드 마이그레이션」교육 참가자 모집,~2025-8-4,부산정보산업진흥원,2025-8-7~2025-8-29,051-749-9409,kkl0528@busanit.or.kr,기업재직자 및 관련학과 연구자,,http://www.busanit.or.kr/board/view.asp?bidx=17680&bcode=notice&ipage=2&sword=&search_txt=
모집중,2025 부산콘텐츠아카데미 언리얼 전환 교육생 모집 공고,~2025-7-31,부산정보산업진흥원,25. 7. ~ 11.,051-749-9154,organix@bipa.kr,부산 지역 내 게임분야 재직자 및 프리랜서,,http://www.busanit.or.kr/board/view.asp?bidx=17669&bcode=notice&ipage=2&sword=&search_txt=
모집중,2025 부산콘텐츠아카데미 포트폴리오 컨설팅 프로그램 모집 공고,2025-6-30~,부산정보산업진흥원,25. 7. ~ 11.,051-749-9140,jhj0813@busanit.or.kr,전국 게임분야 취업준비생,,http://www.busanit.or.kr/board/view.asp?bidx=17662&bcode=notice&ipage=2&sword=&search_txt=
모집중,2025 부산콘텐츠아카데미 퍼스널 트레이닝 교육생 모집 공고,~2025-7-31,부산정보산업진흥원,25. 7. ~ 11.,051-749-9140,jhj0813@busanit.or.kr,게임개발에 관심있는 예비창업자,,http://www.busanit.or.kr/board/view.asp?bidx=17658&bcode=notice&ipage=2&sword=&search_txt=
모집중,2025 콘텐츠기업 헬프데스크 사업 안내,2025-6-2~2025-11-30,부산콘텐츠기업지원센터,2025-6-2~2025-11-30,010-6461-7974,pivoting.zephyrus@gmail.com,부산소재 콘텐츠기업,,http://www.busanit.or.kr/board/view.asp?bidx=17585&bcode=notice&ipage=2&sword=&search_txt=
모집중,부산 클라우드 혁신센터(부산CIC) 멤버십 프로그램 참여기업 모집 공고,상시 ,부산 클라우드 혁신센터 ,상시,051-749-9376,kyj@busanit.or.kr,기창업자(기업),,http://www.busanit.or.kr/board/view.asp?bidx=17421&bcode=notice&ipage=2&sword=&search_txt=
모집중,부산 1인미디어 영상콘텐츠 공모전 개최,2025.4.29~2025-8-5,"부산광역시, 부산정보산업진흥원",2025.4.29~2025-8-5,051-749-9161,sonhe0627@busanit.or.kr,"부산 거주 대학생 또는 취업준비생, 부산시민 누구나 ",,http://www.busanit.or.kr/board/view.asp?bidx=17402&bcode=notice&ipage=2&sword=&search_txt=
모집중,「부산 디지털 혁신거점 조성 지원사업」2025 디지털 원스톱 지원사업 참여기업 모집 공고,공고게시일~2025-10-31(금) 18:00,부산정보산업진흥원 ,2025.3~11 ,051-749-9350,jg1106@busanit.or.kr,"부산지역 디지털 기업, 대학, 연구소 등 ",,http://www.busanit.or.kr/board/view.asp?bidx=17367&bcode=notice&ipage=2&sword=&search_txt=
모집중,2025 전환비타민 보증,2025-03-10 ~ 2025-12-27,부산신용보증재단,2025.3~12,051-860-6600,khj7519@busansinbo.or.kr,기창업자,,https://www.busanstartup.kr/biz_sup/1566?mcode=biz02
모집중,(모집)조달청 벤처나라 입점 추천 대상기업 모집,2025-02-13 ~ 2025-11-17,부산기술창업투자원,공고일~2025. 11.,051-715-1752,parksh@bsia.or.kr,기창업자,,https://busanstartup.kr/biz_sup/1537?mcode=biz02&pageNo=1&s_pa_code=252&deadline=N&deleteYn=N&s_orderby=regi&s_desc=desc
모집중,『글로벌 교류·투자유치 지원사업』자율형 프로그램 참가 기업 모집,상시,부산기술창업투자원,상시,051-715-1745 ,jeong@bsia.or.kr,기창업자,,https://busanstartup.kr/biz_sup/1612?mcode=biz02&pageNo=1&s_pa_code=252&deadline=N&deleteYn=N&s_orderby=regi&s_desc=desc
모집중,2025년 창업지원시설 창업공간100 코워킹스페이스 정기사용자 모집공고,2025-06-17 ~ 2025-07-31,부산기술창업투자원,2025-04-17 ~ 2025-12-31,051-959-2603,seoffron@bsia.or.kr,전체창업자,,https://busanstartup.kr/biz_sup/1619?mcode=biz02&pageNo=1&s_pa_code=252&deadline=N&deleteYn=N&s_orderby=regi&s_desc=desc
모집중,『글로벌 교류·투자유치 지원사업』K-스타트업 통합관 참가기업 모집 공고,2025-06-17 ~ 2025-07-31,부산기술창업투자원,2025. 10~11월 중 ,051-715-1745,hwl2@bsia.or.kr,모집 공고일 기준‘사업을 개시한 날’로부터 10년이 지나지 않는 기업 중 소재지가 부산광역시 내인 기업,,https://busanstartup.kr/biz_sup/1712?mcode=biz02&pageNo=1&s_pa_code=252&deadline=N&deleteYn=N&s_orderby=regi&s_desc=desc
모집중,『제 11회 부산 창업 아이디어 경진대회』,2025-06-30 ~ 2025-07-24,부산기술창업투자원,2025. 9. ,051-715-1754,yhkim@bsia.or.kr,전국 고등학생 및 대학(원)생,,https://busanstartup.kr/biz_sup/1726?mcode=biz02&pageNo=1&s_pa_code=252&deadline=N&deleteYn=N&s_orderby=regi&s_desc=desc
모집중,2025년 B-Startup 온라인IR 참가기업 모집 공고,2025. 07. 15.(화) ~ 상시 ※ 15개사 선착순 신청시 모집종료,부산기술창업투자원,2025. 7. ~ 11., 051-715-1761 ,hjbae@bsia.or.kr,부산시 소재 또는 이전 예정기업 중 투자라운드 진행/준비 중인 기업,,https://busanstartup.kr/biz_sup/1741?mcode=biz02&pageNo=1&s_pa_code=252&deadline=N&deleteYn=N&s_orderby=regi&s_desc=desc
모집중,창업공간100 운영사업 입주기업 투자유치 IR역량 강화 프로그램 참여기업 모집 공고,2025-07-23 ~ 2025-08-05,부산기술창업투자원,2025-08-13~,051-715-1794,sjh@bsia.or.kr,예비창업자 및 입주기업 중 투자유치 원하는 기업 ,,https://busanstartup.kr/biz_sup/1746?mcode=biz02&pageNo=1&s_pa_code=252&deadline=N&deleteYn=N&s_orderby=regi&s_desc=desc
모집중,「아시아 창업 엑스포 FLY ASIA 2025」전시 참가 기업 모집공고,2025-07-07~ 2025-08-01,부산기술창업투자원,2025-09-22 ~ 2025-09-23,,flyasiabusan@gmial.com,체험형 디바이스 및 AI·딥테크 서비스를 보유한 스타트업과 중소기업,www.fly-asia.org,https://busanstartup.kr/biz_sup/1747?mcode=biz02&pageNo=1&s_pa_code=252&deadline=N&deleteYn=N&s_orderby=regi&s_desc=desc
모집중,[동래구] 청년성장 프로젝트 8월 참여자 모집 안내,2025-07-18 ~ 2025-08-29,동래구 청년어울림센터,2025-07-18 ~ 2025-08-29,051-997-5003,,"동래구 및 부산시 거주 미취업 청년(18세~39세/미혼, 기혼 청년 모두 가능)","상세정보[ 동래구 청년어울림센터 청년성장 프로젝트 8월 프로그램 참여 안내 ]안녕하십니까!!동래구 청년어울림센터입니다.미취업 청년들의 힘찬 성장을 위한 8월 프로그램을 준비하였습니다!!지난 7월보다 업그레이드 된 프로그램에 즐겁게 참여하시고 흥미로운 시간이 되셨으면 합니다.아래 청년성장프로젝트 8월 프로그램을 확인하시고많은 관심과 신청 바랍니다• 신청링크- 신규 참여자(클릭) :https://naver.me/G9rLc5pl- 기존 참여자(클릭) :https://naver.me/G7CoXXBO• 청년성장 프로젝트 네이버 블로그- 블로그 주소(클릭) :https://blog.naver.com/diec24• 청년성장 프로젝트 카카오톡 채널- 채널명 : 혁신어울림[ 8월 프로그램 안내 ]< 여름 공방 유니버스 : 여름을 부탁해! >- 날짜 : 2025년 8월 5일(화) ~ 8월 8일(금)*4일 참여 필수- 시간 : 13:00 ~ 17:00- 장소 : 동래구혁신어울림센터(동래구 청년어울림센터) 5층 프로그램실- 인원 : 20명(선착순 접수)- 주소 : 부산시 동래구 금강로 129​▶8/5 - 경력 재설계 특강▶8/6 - 라탄 피크닉 바구니 만들기▶8/7 - 석고방향제 & 왁스타블렛 & 플라워 소이캔들 만들기▶8/8 - 텀블러 홀더 & 클로버 키링 만들기< 면접부터 데일리 헤어까지, 찰떡 헤메스킬! >- 날짜 : 2025년 8월 12일(화) ~ 8월 13일(수) *2일 참여 필수- 시간 : 13:00 ~ 18:00- 장소 : 동래구혁신어울림센터(동래구 청년어울림센터) 5층 프로그램실- 인원 : 20명(선착순 접수)- 주소 : 부산시 동래구 금강로 129▶8/12 - 면접 프리패스! 취뽀 메이크업 / 면접에 필요한 메이크업과 헤어 스타일링▶8/13 - 청담샵 데일리 메이크업 / 2025년 트렌드 분석을 통한 메이크업과 헤어 스타일링< 유튜브 쇼츠 하면해 알고리즘 가면가! >- 날짜 : 2025년 8월 19일(화) ~ 8월 22일(금)*4일 참여 필수- 시간 : 12:00 ~ 16:00- 장소 : 동래구혁신어울림센터(동래구 청년어울림센터) 5층 프로그램실- 인원 : 20명(선착순 접수)- 주소 : 부산시 동래구 금강로 129▶8/19~22 - 유튜브 알고리즘의 이해 및 채널 개설, 조회수를 올리는 쇼츠 제작 방법​< 보컬의 모든 것 : 기초부터 레코딩까지 >- 날짜 : 2025년 8월 23일(토), 8월 30일(토)*2일 참여 필수- 시간 : 13:00 ~ 18:00- 장소 : 파라도어 스튜디오- 인원 : 20명(선착순 접수)- 주소 : 부산시 동래구 충렬대로 134-1 7층▶8/23 - 보컬 기초 발성 배우기 및 레코딩 곡 선정▶8/30 - 레코딩 곡 피드백 및 그룹별 레코딩 진행<영화의 전당, 청춘 시네로드! >- 날짜 : 2025년 8월 25일(월) ~ 8월 28일(목)*4일 참여 필수- 시간 :*날짜별 상이합니다. 꼭 확인해주세요!!8/25(월) 9 ~15시8/26(화) 9~15시8/27(수) 11~17시8/28(목) 13~18시- 장소 : 동래구혁신어울림센터(동래구 청년어울림센터) 5층 프로그램실- 인원 : 20명(선착순 접수)- 주소 : 부산시 동래구 금강로 129​▶8/25 - 영화 읽기 및 영화 직무 특강, 영화의전당 시설투어 영화 라이브러리 체험▶8/26 - 영화 제작 수업, 영화 관람▶8/27 - 하늘연극장 '마티네' (영화음악감상), 영화진흥위원회 견학, 영상물등급위원회 (영상물 등급 분류 체험)▶8/28 - 다큐멘터리 영화 감독과의 만남 특강 (김지곤 감독)< 나 사용 설명서 : 내 강점 찾고 JOB 레벨업 >- 날짜 : 2025년 8월 27일(수) ~ 8월 30일(토)*4일 참여 필수- 시간 : 13:00 ~ 18:00- 장소 : 동래구혁신어울림센터(동래구 청년어울림센터) 5층 프로그램실- 인원 : 20명(선착순 접수)- 주소 : 부산시 동래구 금강로 129▶8/27 - 교류 분석 검사 및 자기 분석, 소통 전략▶8/28 - disc 검사 및 결과 자기 분석, 직업 연결▶8/29 - 버크만 검사 및 자기 분석, 강점 파악 및 스트레스 관리▶8/30 - 통합적 자기 인식 및 직업 세계와 연결",https://young.busan.go.kr/policySupport/view.nm?menuCd=13&bizSid=SUP0000001988
모집중,[동래구] '나만의 캐릭터로 특별한 굿즈 만들기' 프로그램 참여 안내,2025-07-17 ~ 2025-08-01,동래구 청년어울림센터,2025-08-05 ~ 2025-08-08,051-997-5003,,동래구 및 부산시 거주 청년,"상세정보안녕하세요.동래구 청년어울림센터입니다. 😊나만의 개성을 담은 특별한 굿즈,직접 만들어 볼까요?✨평소 머릿속에만 있던 나만의 캐릭터를 세상에 하나뿐인 굿즈로 탄생시키고 싶으셨나요? 🎨이 프로그램은 바로 그런 여러분을 위한 특별한 기회가 될 거예요. 💖청년 여러분들의 많은 관심과 참여 부탁드립니다. 💖🎨주요 내용1. 다양한 굿즈 제작 노하우:티셔츠,모자 등 소량 제작이 가능한 다양한 굿즈 종류와 각 아이템별 제작 과정을 상세히 안내해 드려요. 👕🧢2. 나만의 캐릭터로 머그컵 굿즈 만들기:직접 디자인한 캐릭터로 세상에 하나뿐인 머그컵을 만들어보는 특별한 시간을 가집니다!☕3. 굿즈 판매 및 홍보 전략:힘들게 만든 굿즈를 어떻게 세상에 알리고 판매할 수 있을까요?4. 플리마켓,펀딩 사이트 등 다양한 판매 채널과 홍보 전략에 대한 실질적인 팁을 공유해 드립니다. 🛍📝프로그램 상세 안내- 일정: 2025년8월5일(화), 6일(수), 8일(금), 14:00 ~ 16:00 (3회기 필수 참여!!)(*굿즈 제작은3회기 모두 참여 완료하신 분들께 제공됩니다.)- 장소:동래구혁신어울림센터5층 프로그램실🏢- 대상:동래구 및 부산시 거주 청년(*3회기 동안 꾸준히 참여할 청년) 🙋‍♀🙋‍♂- 인원: 10명(선착순 접수) 🏃‍♀🏃‍♂- 준비물: *개인 아이패드 필참📱- 신청 기간: 2025년7월17일(목) 10:00 ~ 8월1일(금) 18:00- 신청방법:동래구 청년어울림센터 홈페이지를 통해 신청(*클릭->www.동래구청년어울림센터.kr)📞문의: 051-997-5003",https://young.busan.go.kr/policySupport/view.nm?menuCd=13&bizSid=SUP0000001987
모집중,[서구] 2025년 청년 자격증 시험 응시료 지원 사업,2025-08-01 ~ 2025-12-15,부산광역시 서구,2025-08-01 ~ 2025-12-15,051-240-4791~2,,19세~34세 미취업 청년,"상세정보❤️부산 서구 청년 자격증시험 응시료 지원 실시❤️※접수기간:2025. 8. 1. ~ 12. 15.😊지원대상↓↓↓아래 요건을 모두 충족하는 자↓↓↓1.출생연도 기준19~34세 청년(1991년~2006년 생)2.신청일 기준 서구에 1년 이상 거주(주민등록)중인 자3.신청일 현재 미취업자 및 사업자 등록사실이 없는 자(공공근로 등 정부일자리 참여자는 지원 가능)💥2025년에 한해 시험응시일 기준 미취업자도 지원4.2025. 1. 1. ~ 12. 15.실시한 시험에 실제로 응시한 자(합격 여부 무관)😊지원내용1인 연1회 최대 20만원응시료 지원(어학능력시험,국가자격시험,한국사능력검정시험)💥시험 종류는 서구청 홈페이지'고시공고'란 참조 또는 붙임파일 참조😊신청 방법:서구 홈페이지 온라인 신청 바로가기↓↓↓청년 자격증시험 응시료 지원 사업>취업정보>분야별정보문의:서구청 일자리경제과 청년정책계📞051-240-4791~2#자격증응시료지원#부산서구#서구청년#응시료지원#고용촉진#서구청일자리경제과",https://young.busan.go.kr/policySupport/view.nm?menuCd=13&bizSid=SUP0000001986
모집중,[해운대구] 동네_소통(청년을위한재테크) 프로그램 참여자 모집,2025-07-18 ~ 2025-07-24,해운대 청년채움공간,2025-07-25 ~ 2025-07-25,051-647-0917,,부산시 청년 누구나,"상세정보✧･ﾟ:소통 프로그램(청년을위한재테크)입니다. :･ﾟ✧-일자: 2025년7월25일(금)-시간:오후7시~오후9시-장소:해운대 청년채움공간A동 강의실(해운대구 센텀동로200)-내용:생활 속 분쟁 대처 방법(금전거래,근무 현장 사례,디지털 범죄,상속 등)-수강료:무료-문의처: 051-647-0917(청년채움공간 운영사무국)-참여신청은 반드시 네이버폼으로 신청 부탁드립니다.참여신청링크<- 신청은 여기 클릭!",https://young.busan.go.kr/policySupport/view.nm?menuCd=13&bizSid=SUP0000001985
모집중,해운대 청년 N잡 프로젝트 START!,2025-07-18 ~ 2025-08-01,해운대 청년JOB카페(드림포트),2025-08-01 ~ 2025-08-01,051-321-3307,,만 15 ~ 만 39세 청년,"상세정보[해운대 청년JOB카페 드림포트 프로그램 안내]■ 프로그램 : 해운대 청년 N잡 프로젝트 START!■ 교육내용1. 전업이 어려운 시대 : 청년 New N잡- 청년 New N잡의 개념(The sustainable N Jobs)- 국내 외 청년 N잡러 사례 소개2. 다양한 직업의 가능성- 세상의 신기한 직업들- AI가 나의 일에 미칠 영향과 AI기반 직업- 아날로그 일에서 찾는 가능성3. 자기이해 : 재능 흥미 적성 파악- SWOT / MBTI 검사- ON vs OFF / 대도시 vs 촌 / 사무직 vs 생산직 등 적성 파악4. 나의 N잡을 찾아서- AI를 활용한 나만의 N잡 캔버스 그리기- N잡 검색 및 1:1 멘토링🚶‍♂️‍➡️청년의 일 이제는 여러 개를 고민 할 때,변화하는 시대, AI와 함께 새로운 직업 가능성을 그려보세요.국내외 N잡러의 생생한 사례부터AI 기반 직업 탐색, 자기이해, 나만의 N잡 캔버스 만들기까지.진짜 나에게 맞는 일과 삶을 찾아가는 여정이 시작됩니다.■ 일시 : 25.8.1. (금) 13:30 ~ 17:30 (4시간)■ 장소 : 해운대청년job카페 드림포트 (부산 해운대구 반여로 120)■ 대상 : 15~39세 취업을 준비하는 모든 청년■ 비용 : 무료☞교육 신청 링크 클릭☜※ 교육 신청 시 자동 확정되며, 변경 사항이 있을 경우 별도로 안내드립니다.※주차장이 제공되지 않습니다. 대중교통을 이용해주시기 바랍니다☎ 문의 : 051-321-3331 / 051-327-3343",https://young.busan.go.kr/policySupport/view.nm?menuCd=13&bizSid=SUP0000001984
모집중,리터러시 맛보기 PART 2,2025-07-18 ~ 2025-07-29,해운대 청년JOB카페(드림포트),2025-07-29 ~ 2025-07-29,051-321-3307,,만 15 ~ 만 39세 청년,"상세정보[해운대 청년JOB카페 드림포트 프로그램 안내]■ 프로그램 : AI 리터러시 맛보기 Part 2■ 교육내용1. 디지털 전환 시대의 이해와 준비- 스마트폰이 사라진다 : 디지털 시대와 AI시대- 디지털 역량 진단2. 생성형 AI 이해 및 기본 활용 역량 개발- 생성형 AI 기본 앱 활용 : AI 활용 기본 역량 개발3. 일상과 업무에 유용한 AI앱 실습- 컴퓨터 전용 알쓸앱 활용 실습 (Gamma, HeyGen 등)- 이미지/영상 편집 앱 실습 (MS Desiganer, Capcut, Vrew, VideoStew 등)🖥️ 디지털 전환 시대의 생존 역량, AI 리터러시생성형 AI의 구조와 활용 원리를 이해하고일상과 업무에 바로 적용 가능한 실무 중심 앱을 실습합니다.기초부터 실습까지, 데이터 시대의 기본기를 다지는 입문 교육!■ 일시 : 25.7.29. (화) 13:30 ~ 17:30 (4시간)■ 장소 : 해운대청년job카페 드림포트 (부산 해운대구 반여로 120)■ 대상 : 15~39세 취업을 준비하는 모든 청년■ 비용 : 무료☞교육 신청 링크 클릭☜※ 교육 신청 시 자동 확정되며, 변경 사항이 있을 경우 별도로 안내드립니다.※주차장이 제공되지 않습니다. 대중교통을 이용해주시기 바랍니다☎ 문의 : 051-321-3331 / 051-327-3343",https://young.busan.go.kr/policySupport/view.nm?menuCd=13&bizSid=SUP0000001983
모집중,리터러시 맛보기 PART 1,2025-07-18 ~ 2025-07-28,해운대 청년JOB카페(드림포트),2025-07-28 ~ 2025-07-28,051-321-3307,,만 15 ~ 만 39세 청년,"상세정보[해운대 청년JOB카페 드림포트 프로그램 안내]■ 프로그램 : AI 리터러시 맛보기 Part 1■ 교육내용1. 디지털 전환 시대의 이해와 준비- 스마트폰이 사라진다 : 디지털 시대와 AI시대- 디지털 역량 진단2. 생성형 AI 이해 및 기본 활용 역량 개발- 생성형 AI 기본 앱 활용 : AI 활용 기본 역량 개발- Chat GPT, Gemini 기능 실습3. 일상과 업무에 유용한 AI앱 실습- 모바일용 알쓸앱 활용 실습 (Suno, 클로바노트, Lilly, ChatPDF 등)🖥️ 디지털 전환 시대의 생존 역량, AI 리터러시생성형 AI의 구조와 활용 원리를 이해하고일상과 업무에 바로 적용 가능한 실무 중심 앱을 실습합니다.기초부터 실습까지, 데이터 시대의 기본기를 다지는 입문 교육!■ 일시 : 25.7.28. (월) 13:30 ~ 17:30 (4시간)■ 장소 : 해운대청년job카페 드림포트 (부산 해운대구 반여로 120)■ 대상 : 15~39세 취업을 준비하는 모든 청년■ 비용 : 무료☞교육 신청 링크 클릭☜※ 교육 신청 시 자동 확정되며, 변경 사항이 있을 경우 별도로 안내드립니다.※주차장이 제공되지 않습니다. 대중교통을 이용해주시기 바랍니다☎ 문의 : 051-321-3331 / 051-327-3343",https://young.busan.go.kr/policySupport/view.nm?menuCd=13&bizSid=SUP0000001982
모집중,"손목 위 작은 우주, 힐링스톤팔찌 만들기",2025-07-18 ~ 2025-07-30,해운대 청년JOB카페(드림포트),2025-07-30 ~ 2025-07-30,051-321-3307,,만 15 ~ 만 39세 청년,"상세정보[해운대 청년JOB카페 드림포트 프로그램 안내]■ 프로그램 : 손목 위 작은 우주, 힐링스톤 팔찌 만들기■ 교육내용1. Meet My Stone- '오늘 내 기분' 돌 찾기- 힐링스톤 기초(색-주파수-미네랄) 알아보기 & 손바닥 체험- 눈을 감고 1분 심호흡 후 첫 시선이 끌리는 스톤 3개2. Craft My Bracelet- 의도 의도→색→촉감 3 Step 스톤 선택- 탄성줄에 스톤 비딩 & 팔찌 매듭 마감 실습3. Embrace My Energy- 팔찌 터치 호흡 명상 & 바디스캔- 컬러·감정 매칭 마음챙김 저널 작성- 21-Day 팔찌 활용 플랜 & 공유 서클💎 당신의 감정에 귀 기울이고, 손끝으로 나를 표현하는 시간색, 파동, 촉감으로 만나는 나만의 힐링스톤.의도에 맞는 스톤을 고르고 마음을 담아 팔찌를 만듭니다.명상과 함께 에너지를 정돈하고 작은 변화를 시작하세요.참여비, 재료비 전액 무료 지원됩니다!■ 일시 : 25.7.30. (수) 13:00 ~ 17:00 (4시간)■ 장소 : 해운대청년job카페 드림포트 (부산 해운대구 반여로 120)■ 대상 : 15~39세 취업을 준비하는 모든 청년■ 비용 : 무료☞교육 신청 링크 클릭☜※ 교육 신청 시 자동 확정되며, 변경 사항이 있을 경우 별도로 안내드립니다.※주차장이 제공되지 않습니다. 대중교통을 이용해주시기 바랍니다☎ 문의 : 051-321-3331 / 051-327-3343",https://young.busan.go.kr/policySupport/view.nm?menuCd=13&bizSid=SUP0000001981
모집중,일잘러가 사용하는 AI apps,2025-07-18 ~ 2025-08-02,해운대 청년JOB카페(드림포트),2025-08-02 ~ 2025-08-02,051-321-3307,,만 15 ~ 만 39세 청년,"상세정보[해운대 청년JOB카페 드림포트 프로그램 안내]■ 프로그램 : 일잘러가 사용하는 AI apps■ 교육내용1. 우리는, 왜 여기에?- 일잘러의 무기 : 디지털 시대와 AI 시대- 디지털 역량 진단- 기획 AI : ChatGPT, Gemini 실습2. 슬라이드에서 영상까지 !- PPT 제작 Gamma- 동영상 변환 및 제작 HeyGen 등3. 스마트 요약 완성 !- 클로바노트- 영상요약 Lilly- PDF 요약 ChatPDF 등4. 디자인부터 영상까지 !- Design AI: MS designer- 콘텐츠제작 AI: VideoStew 등🔍 일자러가 사용하는 분야별 앱을 활용하여 일잘러 역량 UP!✔️ 자소서에 쓸 차별화된 경험이 부족하다고 느끼는 분✔️ 실무에 바로 쓸 수 있는 스킬을 미리 준비하고 싶은 취업 준비생✔️ ‘요즘 기업은 AI도 잘 써야 한다던데...’ 감만 잡고 있는 청년분야별 AI 앱을 활용해 업무 역량을 높이고, 실무형 인재로 거듭나는 시간을 만들어 드립니다.일잘러가 되고 싶은 청년이라면 지금 바로 신청하세요!■ 일시 : 25.8.2. (토) 09:30 ~ 13:30 (4시간)■ 장소 : 해운대청년채움공간 A동 (부산광역시 해운대구 센텀동로 200)■ 대상 : 15~39세 취업을 준비하는 모든 청년■ 비용 : 무료☞교육 신청 링크 클릭☜※ 교육 신청 시 자동 확정되며, 변경 사항이 있을 경우 별도로 안내드립니다.※ 주차장이 제공되지 않습니다. 대중교통을 이용해주시기 바랍니다.☎ 문의 : 051-321-3331 / 051-327-3343",https://young.busan.go.kr/policySupport/view.nm?menuCd=13&bizSid=SUP0000001980
모집중,내 색을 찾으면 세상이 달라보인다! - 퍼스널컬러 브랜딩 워크숍,2025-07-18 ~ 2025-07-24,해운대 청년JOB카페(드림포트),2025-07-24 ~ 2025-07-24,051-321-3307,,만 15 ~ 만 39세 청년,"상세정보[해운대 청년JOB카페 드림포트 프로그램 안내]■ 프로그램 : 내 색을 찾으면 세상이 달라보인다! - 퍼스널컬러 브랜딩 워크숍■ 교육내용1. Discover My Tone- 아이스브레이크: 오늘 기분 색 카드- 퍼스널컬러 4→16-시즌 구조·언더톤·명도·채도 이해- 드레이프 시연 & 색이 주는 감정 퀴즈2. Design My Palette-AI 색채 분석 앱으로 셀프 진단-‘키 컬러 5’ 선정 & 옷장·코스메 리스트 작성- 키 컬러 스티커 세트 제작 : 다이어리·스마트폰에 붙여 일상에서 컬러를 상기하도록 작은 원형 스티커 3장 꾸미기3. Embrace My Color- 3색 호흡 컬러 명상 체험- 감정‑컬러 매칭 컬러 저널링- 21‑Day 컬러 힐링 챌린지 플래너 세팅🎨 색으로 나를 이해하고, 감정을 정리하는 퍼스널컬러 특강어울리는 색을 입는 것만으로 거울 속 내가 다르게 보이고, 일상이 더 선명해집니다 : )✔️ 감정 & 이미지 기반의 새로운 퍼스널컬러 접근✔️ 실습 중심으로 누구나 쉽고 재미있게✔️ 일상에서 바로 활용할 수 있는 구체적인 컬러 가이드 제공휴대용 거울, 편안한 복장만 갖춰진다면 이 모든 강의가 무료 !색으로 나를 이해하고, 감정을 정리하는 퍼스널컬러 특강을 만나보세요 ! 🔍■ 일시 : 25.7.24. (목) 13:00 ~ 17:00 (4시간)■ 장소 : 해운대청년job카페 드림포트 (부산 해운대구 반여로 120)■ 대상 : 15~39세 취업을 준비하는 모든 청년■ 비용 : 무료☞교육 신청 링크 클릭☜※주차장이 제공되지 않습니다. 대중교통을 이용해주시기 바랍니다☎ 문의 : 051-321-3331 / 051-327-3343",https://young.busan.go.kr/policySupport/view.nm?menuCd=13&bizSid=SUP0000001979
모집중,하루만에 끝내는 실전 마케팅 B,2025-07-18 ~ 2025-07-31,해운대 청년JOB카페(드림포트),2025-07-31 ~ 2025-07-31,051-321-3307,,만 15 ~ 만 39세 청년,"상세정보[해운대 청년JOB카페 드림포트 프로그램 안내]■ 프로그램 : 하루만에 끝내는 실전 마케팅 B■ 교육내용[하루만에 끝내는 실전 마케팅 스킬]1. 소비트렌드, 시장조사 기법2. 공모전, 마케팅 기획서 작성 스킬■ 일시 : 25.7.31. (목) 10:00 ~ 14:00 (4시간)■ 장소 : 경성대학교 상학관 (4호관) 201호■ 대상 : 15~39세 취업을 준비하는 모든 청년■ 비용 : 무료☞교육 신청 링크 클릭☜※ 교육 신청 시 자동 확정되며, 변경 사항이 있을 경우 별도로 안내드립니다.☎ 문의 : 051-321-3331 / 051-327-3343",https://young.busan.go.kr/policySupport/view.nm?menuCd=13&bizSid=SUP0000001978
모집중,하루만에 끝내는 실전 마케팅 A,2025-07-18 ~ 2025-07-30,해운대 청년JOB카페(드림포트),2025-07-30 ~ 2025-07-30,051-321-3307,,만 15 ~ 만 39세 청년,"상세정보[해운대 청년JOB카페 드림포트 프로그램 안내]■ 프로그램 : 하루만에 끝내는 실전 마케팅 A■ 교육내용[하루만에 끝내는 실전 마케팅 기초]1. 디지털 AI 마케팅 실전 사례2. 고객 데이터, 빅데이터 마케팅■ 일시 : 25.7.30. (수) 10:00 ~ 14:00 (4시간)■ 장소 : 경성대학교 상학관 (4호관) 201호■ 대상 : 15~39세 취업을 준비하는 모든 청년■ 비용 : 무료☞교육 신청 링크 클릭☜※ 교육 신청 시 자동 확정되며, 변경 사항이 있을 경우 별도로 안내드립니다.☎ 문의 : 051-321-3331 / 051-327-3343",https://young.busan.go.kr/policySupport/view.nm?menuCd=13&bizSid=SUP0000001977
모집중,2025 금정 청년정책네트워크 추가모집,2025-07-18 ~ 2025-08-04,금정구 일자리정책과,2025-05-30 ~ 2025-12-31,051-519-4871,,금정구에 거주하거나 활동하는 18세~39세 청년,"상세정보📢청년 당사자의 정책 참여를 확대하고 청년이 주도하는 청년정책 추진을 위해 「2025 금정 청년정책네트워크」 일자리·교육, 주거·생활 분과원을 아래와 같이 모집하오니 관심있는 청년의 많은 참여를 바랍니다.✅ 2025 금정 청년정책네트워크 활동 개요📍 활동기간: 2025. 5월 ~ 12월📍 주요활동: 청년정책·지역현안 의제발굴 및 정책 제안, 청년 행사 참여, 정책 모니터링 및 홍보 등📌 분과회의: 정기 회의(3회 예정), 수시 회의(6~10월 분과별 개최)- 4개분과: 일자리·교육, 주거·생활, 복지·문화, 참여·권리※ 신청 시 기재한 관심분야 반영하여 구성(인원 비율 따라 조정 가능)📌 관련행사: 청년주간·정책제안회(9~10월), 성과공유회 등📍 지원내용: 회의 참석 수당 및 프로젝트비, 활동증명서 발급, 우수자 활동자 상장 수여 등※ 회의 참석 수당 및 프로젝트비: 예산범위 내 지급✅ 모집개요📍 모집대상: 금정구에거주하거나활동하는18세~39세 청년- 거주: 주민등록상 주소가 금정구인 청년- 활동: 금정구 소재 직장, 학교(재학·휴학),사업장, 청년단체 등 소속 청년📍 모집기간:2025. 7.18.(금) ~ 8.4.(월)📍 모집분과: 일자리·교육, 주거·생활📍 모집인원: 5명 내외📍 신청방법: 온라인신청(이메일 chu3431@korea.kr)📍 제출서류: 지원신청서 및 소개서, 개별 증빙서류 ▹ 1개의 파일로 압축하여 첨부📍 최종 선정결과: 개별 통보 및 구 홈페이지 게시※ 기타 자세한 사항은 금정구 홈페이지 고시공고 참고",https://young.busan.go.kr/policySupport/view.nm?menuCd=13&bizSid=SUP0000001976
모집중,2025 지역특화 청년사업 「You & Namgu로컬 문화 탐방단」문화 탐방단 3기 ∙ 4기 (8월),2025-07-17 ~ 2025-07-28,남구 일자리경제과 청년정책팀,2025-08-01 ~ 2025-08-29,051-607-3666,,18~39세 청년 누구나,"상세정보[2025 지역특화 청년사업]「You & Namgu로컬 문화 탐방단」 3기·4기지역을 알고, 경험하고, 기록하다!부산 남구부터 전국 방방곡곡까지, 청년들의 시선으로 지역 이야기를 만드는 청년 프로젝트!문화탐방단 3·4기 모집합니다!⭐참가신청서 제출 필수 (chem31@korea.kr)*참가신청서는 남구청년창조발전소 홈페이지 → 청년프로그램에서 다운로드 가능합니다.🔔모집기간 : 7. 17 (목) ~ 7. 28 (월)🔔추첨일자 : 7. 28 (월) 17:00✅ 모집대상 : 부산 남구 거주 또는 활동중인 청년 우선 선발✅ 모집인원 : 한 기수당 최대 8명 (3기 : 8명 / 4기 : 8명)*헌혈 우선 추첨 : 2명✅ 활동기간 : 8월✅ 주요내용 : 남구(부산)의 문화 콘텐츠를 체험하고 느낀 뒤,홍보 콘텐츠 및 정책 제안서 직접 제작✅ 참가혜택- 문화체험단 활동을 위한 비용 지급(카드뉴스,영상 제작료)- 1인당 239,000원(8.8% 원천징수액 포함)- 참가자 전원 여행자 보험 가입 지원☎ 문의 : 남구 일자리경제과 청년정책팀 (051-607-3666~7)본 사업은 「2025년 지역특화 청년사업」입니다.",https://young.busan.go.kr/policySupport/view.nm?menuCd=13&bizSid=SUP0000001975
모집중,[청년작당소] 공연러버 살롱: 취향을 나누고 마음을 잇다,2025-07-17 ~ 2025-08-08,청년작당소,2025-08-08 ~ 2025-08-29,051-711-2980,,청년 누구나,"상세정보📣 〈공연러버 살롱: 취향을 나누고 마음을 잇다〉 참가자를 모집합니다!“혼자 즐기던 공연, 이제는 함께 이야기하며당신의 덕심을 더욱 풍성하게 만들어볼 시간!”💖 공연을 통해 연결될 당신을 위한 4주간의 특별한 여정!자신만의 관람 경험과 기록 방식을 나누고,서로의 덕질에 공감하며 새로운 관계를 만들어가요.당신의 이야기가 누군가에게 ‘최애 공연’을 선물할지도 몰라요.🍀🎯 공연러버 살롱은?‘공연’을 매개로 소통하며, 나만의 관객 정체성을 찾아가는취향 기반 커뮤니티형 프로젝트!👉 우리의 살롱에서는요!각자의 속도로 공연 관람 경험 공유 (장르 불문!)나만의 기록 방식 → 노하우 공유 → 새로운 시도최종 취향 소책자 제작 + 미니 전시까지!📆 운영 기간 (주 1회 오프라인 모임)[1회차] 8/8(금) 19:00 나의 공연연대기[2회차] 8/15(금) 19:00 덕업일치를 꿈꿔본 적 있어?[3회차] 8/22(금) 19:00 당신은 어떻게 기록해?[4회차] 8/29(금) 19:00 우리는 이런 관객입니다📌 모집: ~ 8월 3일 (일) 자정까지📌 장소: 청년작당소 클라이맥스📌 대상: 부산 청년 누구나, 10명 내외 (선발형)선발되신 분께는 문자로 개별 안내 예정입니다.🎁 지원 내용따뜻한 다과 제공 / 살롱 활동 자료 / 취향 소책자 제작 / 미니 전시 기회🌈 이런 분께 추천해요!✔장르 불문, 공연을 깊이 사랑하고 혼자 덕질했지만, 이제는 함께 이야기하고 싶은 분✔나만의 공연 관람 철학을 공유하고 싶은 분✔나만의 공연관람 기록 방식을 공유하고 함께 나누고 싶은 분👉 합류하고 싶은 당신,이번 여름은 “공연러버 살롱”에서 함께 덕심을 불태워봐요! 🌱🎫 신청링크는 청년작당소 인스타그램(@jakdangso_busan) 프로필 링크를 통해 접속 가능합니다!(신청링크:https://naver.me/GYGiq403)🚘 주차 안내별도 주차 공간이 없으니, 대중교통이나 인근 주차장 이용 부탁드립니다.❌ 노쇼 금지무단불참, 노쇼 시 향후 청년작당소의 다른 프로그램 참여에 제약이 있을 수 있습니다.📷 프로그램 진행 중 사진 촬영이 진행될 수 있습니다.",https://young.busan.go.kr/policySupport/view.nm?menuCd=13&bizSid=SUP0000001974
모집중,[연제구]로컬 IN 연제 히든 챔피언을 찾아라!,2025-07-15 ~ 2025-07-30,연제청년창업나래센터,2025-08-11 ~ 2025-10-31,051-862-3734,,18세 ~ 39세 부산 청년 10팀,"상세정보✅ 교육대상: 18세 ~ 39세 부산 청년 10팀✅ 신청기간: 2025. 7. 15.(화) ~ 7.30.(수)✅ 대상선정: 2025. 8. 11.(월)✅ 실무교육: 2025. 8. 14.(목) ~ 9.5.(금) 매주 목,금요일 14:00 ~ 16:00✅ 전담코칭: 2025. 9. 8.(월) ~ 10. 31.(금)✅ 신청방법QR참여신청: QR 코드링크 작성E-mail: yeonje_2024@naver.com(히든챔피언_신청자명 기재 발송)전화 신청: 010-3446-1322안내,문의: 051-862-3734✅ 신청분야: 로컬창업, F&B, 지역특화 청년 창업가",https://young.busan.go.kr/policySupport/view.nm?menuCd=13&bizSid=SUP0000001973
모집중,🏠 [제3회 영도구 청년 주거 독립지원 교육],2025-07-17 ~ 2025-07-23,영도구 신성장전략과,2025-07-24 ~ 2025-07-24,051-419-4614,,영도구 청년 중 주거 독립에 관심 있는 누구나,"상세정보🏠[제3회 영도구 청년 주거 독립지원 교육]청년 독립의 첫걸음, ‘주거정책 완전정복!’혼자 살아보고 싶은데,청약? 전세대출? 복잡한 정책들…하나도 모르겠다고요?청년을 위한 주거정책 핵심만 쏙쏙!이제는정책을 아는 사람이 유리합니다!📅언제?2025년 7월 24일(목) 18:30 ~ 20:30📍어디서?영도구 청년희망플랫폼 다이룸 (영도구 번영길 8, 3층)👥대상영도구 청년 중 주거 독립에 관심 있는 누구나, (20명 내외, 선정자 개별 연락 예정)📚교육 내용✔️ 청년 대상 전·월세 대출 등주요 주거복지제도 안내✔️주택 청약 가이드, 내 집 마련 기본기 다지기✔️ 꼭 알아야 할기초 부동산 상식까지!📝신청 방법📅 7월 23일(수) 오후 6시까지📌 포스터 내 QR코드 or 아래 링크 클릭!🔗https://docs.google.com/forms/d/e/1FAIpQLSc1_J-kDtbYxT4hkrwaXLmBkLPOeQ-qfVyZmzkxmqxV8F8Kyw/viewform📞문의영도구 신성장전략과 ☎ 051-419-4614📢전세대출? 청약? 헷갈렸던 청년 주거정책,이번에 싹! 정리하고현실적인 독립 계획 세워보세요!지금 바로 신청하세요 🙌",https://young.busan.go.kr/policySupport/view.nm?menuCd=13&bizSid=SUP0000001972
모집중,[해운대구] 동네_심리안정(바르게쓰는한줄) 프로그램 참여자 모집,2025-07-17 ~ 2025-07-24,해운대청년채움공간,2025-07-25 ~ 2025-07-25,051-647-0917,,부산시 청년 누구나,"상세정보✧･ﾟ: 심리안정 프로그램(바르게 쓰는 한줄) 입니다. :･ﾟ✧- 일자 : 2025년 7월 25일 (금)- 시간 : 오후 7시 ~ 오후 9시- 장소 : 해운대 청년채움공간 D동 공유회의실(해운대구 센텀동로 200)- 내용 : 글씨를 교정하며 집중과 위로의 시간 갖기- 강사 : 이수현 강사- 수강료 : 무료- 준비물 : 자주 쓰는, 좋아하는 필기구- 문의처 : 051-647-0917(청년채움공간 운영사무국)- 참여신청은 반드시 네이버폼으로 신청부탁드립니다.참여신청!!!!!!!!!!!!<- 신청링크",https://young.busan.go.kr/policySupport/view.nm?menuCd=13&bizSid=SUP0000001971
모집중,씨앗 나눔 꾸러미(8월),2025-07-16 ~ 2025-07-28,남구 일자리경제과 청년정책팀,2025-08-01 ~ 2025-08-30,051-607-3666,,18~39세 청년 누구나,"상세정보🌱[참여자 모집] 식재료 무료 나눔, 씨앗 나눔 꾸러미(8월)씨앗 나눔 꾸러미 참여하고 무료로 식재료 받아가세요~!신청 대상이라면, 얼른 신청 Go!Go!이 좋은 기회, 친구에게 공유 Go!Go!*본 프로그램은 식생활교육부산네트워크 · 자연드림씨앗재단 · 지역기업과 함께합니다.⭐모집기간 : 7. 16 (수) ~ 7. 28 (월)⭐추첨일자 : 7. 28 (월) 17:00✅ 운영내용STEP 1. 참여만 해도 기본 제공(즉석밥 3개 / 맛김 10개)▸STEP 2. 선착순으로 식재료 및 각종 도구 제공(9종 1개씩)▸STEP 3. 참여 후기 작성 시, 추첨을 통해 볶음밥·계란 10구 제공✅ 모집대상 : 남구 거주 및 활동 중인 1인가구 청년 우선 / 20명 모집(*헌혈 우선 추첨 : 4명)✅ 운영기간 : 8월 중✅참여방법 : 홈페이지 신청→ 참여자 선정(추첨)→ 참여 문자 안내→ 식재료 수령(방문 수령)✅ 운영장소 : 남구 청년창조발전소 (남구 용소로46번길 7)✅ 신청방법 : 남구 청년창조발전소 홈페이지 청년프로그램 신청☎ 문의 : 남구 일자리경제과 청년정책팀 (051-607-3666~7)",https://young.busan.go.kr/policySupport/view.nm?menuCd=13&bizSid=SUP0000001970
모집중,마음건강 캠페인(7월),2025-07-16 ~ 2025-07-29,남구 일자리경제과 청년정책팀,2025-07-30 ~ 2025-07-30,051-607-3666,,18~39세 청년 누구나,"상세정보[참여자 모집] 전문 심리 상담사와 함께하는 1:1 상담! 마음건강 캠페인(7월)내 마음을 돌보는 만큼 내 하루도 가벼워집니다😊⭐모집기간 : ~7. 29 (화)✅ 운영내용 : 마음 건강 선별 검사 및 상담- 1인 40분 소요(선별지 검사 15분, 상담 25분)- 추가 상담 원할 시 상담사에게 문의✅ 모집대상 : 18~39세 청년 누구나 / 선착순 6명 모집✅ 운영일시 : 7. 30 (수) 15:40~18:00 (※1인 40분 소요)✅ 운영장소 : 남구 청년창조발전소 (남구 용소로46번길 7)*상담실은 일부 가려진 공간임을 참고바랍니다.✅ 신청방법 : 남구 청년창조발전소 홈페이지 청년프로그램 신청☎ 문의 : 남구 일자리경제과 청년정책팀 (051-607-3666~7)",https://young.busan.go.kr/policySupport/view.nm?menuCd=13&bizSid=SUP0000001969
모집중,나도 프로 집밥러 5기(8월),2025-07-15 ~ 2025-07-24,남구 일자리경제과 청년정책팀,2025-07-30 ~ 2025-08-20,051-607-3666,,18~39세 청년 누구나,"상세정보[참여자 모집] 나도 프로 집밥러 5기같이 밀키트 만들고 소통하자!⭐모집기간 : 7. 15 (화) ~ 7. 24 (목)⭐추첨일자 : 7. 24 (목) 17:00✅ 운영내용 : 참가자들이 모여 직접 밀키트 제작 요리 등 활동을 매개로 소통✅ 참여조건1) 전 일정 참여2) 1인당 4,000원 상당 기부 필수3) 연 1회 참여 가능(신규 참여자 우선)✅ 운영일시 : 총 4주차 운영7. 30 (수) / 8. 6 (수) / 8. 13 (수) / 8. 20 (수)18:30~20:30✅ 운영장소 : 남구 청년창조발전소 (남구 용소로46번길 7)✅ 신청방법 : 남구 청년창조발전소 홈페이지 청년프로그램 신청☎ 문의 : 남구 일자리경제과 청년정책팀 (051-607-3666~7)",https://young.busan.go.kr/policySupport/view.nm?menuCd=13&bizSid=SUP0000001968
모집중,1:1 무료 노무상담_동네방네 노무상담(7월),2025-07-15 ~ 2025-07-28,남구 일자리경제과 청년정책팀,2025-07-29 ~ 2025-07-29,051-607-3666,,18~39세 청년 누구나,"상세정보💛[참여자 모집] 동네방네 노무상담(7월)청년이라면 누구나 받을 수 있는 노무상담!아르바이트, 근로계약서, 퇴직금, 임금 체불 등근로하면서 생긴 궁금증이나 고민들 노무사와 1:1로 무료 상담하세요🙋‍♀️🙋‍♂️⭐모집기간 : ~7. 28 (월)✅ 운영내용 : 개인 맞춤 노무상담- 노동법 / 근로기준법 상담- 임금 체불, 부당해고 등 노동관련 기초 상담- 직장 내 성희롱, 직장 내 괴롭힘 상담 및피해자를 위한 보호 제도 설명✅ 모집대상 : 18~39세 청년 누구나 / 선착순 3명 모집✅ 운영일시 : 7. 29 (화) 14:00~17:00(※ 1인 1시간 소요)✅ 운영장소 : 남구 청년창조발전소 (남구 용소로46번길 7)※ 상담 장소는 일부 가려진 공간임을 참고 바랍니다.✅ 신청방법 : 남구 청년창조발전소 홈페이지 청년프로그램 신청☎ 문의 : 남구 일자리경제과 청년정책팀 (051-607-3666~7)",https://young.busan.go.kr/policySupport/view.nm?menuCd=13&bizSid=SUP0000001967
모집중,[해운대구] 동네_소통(혹시 나도 전과자?) 프로그램 참여자 모집,2025-07-16 ~ 2025-07-28,해운대 청년채움공간,2025-07-29 ~ 2025-07-29,051-647-0917,,부산시 청년 누구나,"상세정보✧･ﾟ: 소통 프로그램(혹시 나도 전과자?) 입니다. :･ﾟ✧- 일자 : 2025년 7월 29일(화)- 시간 : 오후 7시 ~ 오후9시- 장소 : 해운대 청년채움공간 A동 강의실(해운대구 센텀동로 200)- 내용 : 생활 속 분쟁 대처 방법(금전거래, 근무 현장 사례, 디지털 범죄, 상속 등)- 수강료 : 무료- 문의처 : 051-647-0917(청년채움공간 운영사무국)- 참여신청은 반드시 네이버폼으로 신청 부탁드립니다.-참여신청 클릭!!!!!!!!!!!!!!!!!",https://young.busan.go.kr/policySupport/view.nm?menuCd=13&bizSid=SUP0000001966
모집중,금융어드바이저 서비스 사업 안내,2025-07-14 ~ 2025-10-31,금융산업공익재단,2025-07-14 ~ 2025-10-31,02-3276-7604,,19세 ~ 39세 청년 누구나,"상세정보- 본 사업은 우리나라 금융노사가 공동으로 출연하여 설립한 금융산업공익재단이 주관하고,사단법인 한국에프피에스비가 수행하는 사업임- 경기도 및 6대 광역시 청년을 대상으로 무료로 맞춤형 재무상담을 제공- 올바른 금융태도 형성을 도와 중,장기적으로 재무목표 수립에 도움을 드리는 사업- 모집인원 : 부산 청년 200명(선착순 모집)- 모집기간 : 2025-07-14 ~ 2025-10-31까지(기간내 인원충족 시 마감)- 신청방법 : 홈페이지 kfifadv.org- 문의 : 02-3276-7604",https://young.busan.go.kr/policySupport/view.nm?menuCd=13&bizSid=SUP0000001965
모집마감,"향기로 기억되는 나, 나만의 아로마 향수 목걸이 만들기",2025-07-16 ~ 2025-07-18,해운대 청년JOB카페(드림포트),2025-07-18 ~ 2025-07-18,051-321-3307,,15~39세 청년,"상세정보[해운대 청년JOB카페 드림포트 프로그램 안내]■ 프로그램 : 향기로 기억되는 나, 나만의 아로마 목걸이 만들기참여비, 재료비 전액 무료 지원■ 교육내용1. 아로마테라피, 향기의 심리학-아로마테라피 개요 및 스트레스와 향기의 관계-주요 에센셜 오일 시향 및 감정 체크 활동-“지금 내게 필요한 향기” 셀프 진단지 작성 및 공유2. 나만의 아로마 목걸이 만들기-나에게 맞는 에센셜 오일 블렌딩 실습-천연 아로마를 활용한 아로마 목걸이 제작-향기를 통한 자기소개 스크립트 만들기3. 향기로 안정감을 되찾는 실습 및 통합 활동-향기 앵커링과 명상: 긴장을 낮추는 루틴 훈련-향기와 연결된 내 감정 표현 저널링-‘나에게 주는 한 문장’ 자기 다짐 카드 만들기🌱 중요한 순간 앞에서 떨리는 마음… 나만의 향기로 마음을 진정시키고, 자신감을 채워보세요.이번 강의에서는 다음과 같은 내용을 다룹니다.✔️ 향기의 힘: 아로마 오일이 어떻게 우리의 감정을 안정시키고, 집중력을 높이는지 배우기✔️ 나에게 맞는 향기 찾기: 자신감, 평온, 집중력을 높이는 향기 선택✔️ DIY 아로마 목걸이 만들기: 나만의 아로마 목걸이를 만들어, 언제든지 향기로 나를 다독일 수 있게 하기✔️ 스트레스 관리: 불안을 해소하는 힐링 방법📍참가자 전원에게 아로마 오일 키트와 목걸이 만들기 재료 제공!🎁일상의 불안한 마음, 향기와 함께 다독여요. 자신감 넘치는 나로 거듭날 수 있는 시간이 될 것입니다.마음이 힘들다면, 향기로 마음을 챙기는 시간을 통해 마음부터 치유하세요!■ 일시 : 25.7.18.(금) 13:00 ~ 17:00 (4시간)■ 장소 : 해운대청년job카페 드림포트 1층 (부산 해운대구 반여로 120)■ 대상 : 15~39세 취업을 준비하는 모든 청년■ 비용 : 무료☞교육 신청 링크 클릭☜주차 공간이 제공되지 않습니다. 대중교통을 이용해주시기 바랍니다.☎ 문의 : 051-321-3331 / 051-327-3343",https://young.busan.go.kr/policySupport/view.nm?menuCd=13&bizSid=SUP0000001964
모집중,[해운대구] 해운대 청년 창업주거 복합공간(부산창업가꿈) 입주기업 추가 모집,2025-07-16 ~ 2025-07-31,해운대구,2025-09-01 ~ 2026-08-31,051-749-4832,,,"상세정보2025년「해운대 도심형 청년 창업주거 복합공간」입주자 추가모집「해운대 도심형 청년 창업주거 복합공간」에 입주할 청년(예비)창업자를 다음과 같이 추가모집 공고합니다.1.위 치:부산시 해운대구 윗반송로51번길36(반송동216-10번지)2.모집규모: 0개 기업(공유오피스&주거 연계 입주)3.모집분야:기술 기반 창업,디자인,크리에이터 창업4.모집대상:아래의 조건을 모두 충족하는 자-입주기업 대표자는18세 이상39세 이하인 자-입주기업 대표자의 주민등록 주소지가‘해운대구’이거나법인 또는 개인사업자의 사업장 소재지가‘해운대구’인 경우-창업한 지7년을 경과하지 않은 자※주민등록 주소지 또는 사업장 주소지가 타 지역인 경우,입주일로부터3개월 이내 해운대구로변경신고 하여야 함. (예비 창업자는 입주일로부터6개월 이내 변경신고.)5.계약기간: 12개월(2025년9월~ 2026년8월)※1년 단위로 평가를 거쳐 계약기간 연장가능(총 계약기간2년 이내)6.접수기간: 2025. 7. 16.(수)∼2025. 7. 31.(금) 18시까지7.접수방법:이메일(buvakim@naver.com)접수8.제출서류:공고문 참조9.문 의 처:부산벤처기업협회[☎051-343-0109]※자세한 사항은 공고문을 확인바랍니다.",https://young.busan.go.kr/policySupport/view.nm?menuCd=13&bizSid=SUP0000001963
모집마감,🌊✨[제4회 청년 클래스메이트✨] 참여자 모집,2025-07-15 ~ 2025-07-18,영도구종합사회복지관,2025-07-25 ~ 2025-07-25,051-413-4661,,만 18~39세 청년 누구나,"상세정보🌊✨[제4회 청년 클래스메이트✨]여름 감성 가득! 나만의 레진공예 키링 & 그림톡 만들어보자🎨💎직업 체험도 하고, 특별한 나만의 작품도 GET!🙌📌 일시: 2025.07.25.(금) 18:00~20:00📍 장소: 청년희망플랫폼 다:이룸 (영도구 번영길 8, 3층)👤 대상: 만 18~39세 1인 가구 및 은둔 청년 18명🎨 강사: 너와나의 공간/ 대표📝 신청방법:구글폼 작성 (프로필 링크 클릭!🔗) https://forms.gle/P1zQkFsAKMxwFM3L8✅ 7/18(금) 확정 참여자 문자 발송 예정!☎️ 문의: 051-413-4661(영도구종합사회복지관)🚫 당일노쇼 및 지각은 금지❗",https://young.busan.go.kr/policySupport/view.nm?menuCd=13&bizSid=SUP0000001962
모집중,금정구 청년창조발전소(꿈터플러스) 입주 스타트업 모집,2025-07-14 ~ 2025-07-28,청년창조발전소 꿈터플러스,2025-08-01 ~ 2026-07-31,051-710-4920,,"6개월 이내 창업예정인 예비창업자, 입주 신청일 현재 창업일로부터 7년이 경과되지 아니한 부산광역시에 소재를 둔 기업","상세정보청년들의 참신한 아이디어를 현실화하도록 지원하는 청년창업공간 『청년창조발전소 꿈터⁺』 에서 입주 스타트업을 모집하니 많은 신청 부탁드립니다.❍ 입주 스타트업 공개모집1. 모집 스타트업 :3개 내외 ※ 2인실 1개 팀, 오픈랩 2개 팀 내외2. 입 주 기 간 : 12개월(재평가를 통해 추가 12개월 연장가능, 최대 24개월 입주 가능)3. 입 주 대 상 :6개월 이내창업예정인 예비창업자, 입주 신청일 현재창업일로부터 7년이 경과되지 아니한부산광역시에 소재를 둔 기업4. 입 주 비 용 : 공고문 참조5. 모 집 기 간 :2025.7.14.(월) ~ 2025.7.28.(월) 14:00까지6. 모 집 분 야 : 문화/예술/콘텐츠/유통/IT/서비스 등 관련 스타트업7. 선 정 절 차 : 신청서 작성 및 접수(7/14~7/28) → 서면심사(7/29) → 심사결과 통보(개별통보) → 입주계약체결(7/30~31) →오픈랩 입주(8/1~)→2인실 입주(8/16~)입주자 혜택 및 지원 관련 자세한 내용은 공고문을 참조해주시기 바랍니다.문의 : 청년창조발전소 꿈터⁺(☎ 051.710.4920~3)",https://young.busan.go.kr/policySupport/view.nm?menuCd=13&bizSid=SUP0000001961
모집중,<취미 원정대 원데이클래스> 아로마 테라피_북퍼퓸,2025-07-14 ~ 2025-07-21,남구 일자리경제과 청년정책팀,2025-07-26 ~ 2025-07-26,051-607-3666,,18~39세 청년 누구나,"상세정보📚[참여자 모집] 취미 원정대 원데이클래스 : 향기에 끌림아로마 테라피_북퍼퓸좋아하는 책에 향기를 입혀보세요!북퍼퓸 원데이클래스 15명 모집합니다🙌※ <취미 원정대 원데이클래스>프로그램은 월별 신규 참여자를 대상으로 추첨합니다.⭐모집기간 : 7. 14 (월) ~ 7. 21 (월)⭐추첨일자 : 7. 21 (월) 17:00✅ 운영내용 : 좋아하는 책에 향기를 입혀보자!1) (고전)인문학 책을 선택 후, 읽으면서 좋았던 구절을 서로 공유2) 마음에 들었던 캐릭터나 배경을 선택해 향으로 묘사3) 향료 시향4) 캐릭터에 맞는 향수 만들기✅ 모집대상 : 18~39세 청년 누구나 / 15명 모집(헌혈 우선 추첨: 3명)✅ 운영일시 : 7. 26 (토) 13:00~15:00✅ 운영장소 : 남구 청년창조발전소 (남구 용소로46번길 7)✅ 신청방법 : 남구 청년창조발전소 홈페이지 청년프로그램 신청☎ 문의 : 남구 일자리경제과 청년정책팀 (051-607-3666~7)본 사업은 『부산광역시 2025 동네청년공간 활성화 지원사업』입니다.",https://young.busan.go.kr/policySupport/view.nm?menuCd=13&bizSid=SUP0000001960
모집마감,피아노 1분 마스터,2025-07-12 ~ 2025-07-18,남구 일자리경제과 청년정책팀,2025-07-25 ~ 2025-07-25,051-607-3666,,18~39세 청년 누구나,"상세정보🎹[참여자 모집] 피아노 1분 마스터피아노 배우고 나만의 취미를 가져보세요~!⭐모집기간 : 7. 12 (토) ~ 7. 18 (금)⭐추첨일자 : 7. 18 (금) 17:00✅ 운영내용· 1:1 피아노 레슨 (피아노 연주 가능한 원하는 곡)※ 신청시 기타란에 원하는 곡 정보(곡 제목, 작곡가, 가수명 등)를 기재해주세요.※ 클래식 악보는 제공,가요 악보는 개인 지참✅ 모집대상 : 18~39세 청년 누구나 / 6명 모집(헌혈자 우선 추첨 : 1명)✅ 운영일시 : 7. 25 (금) 18:30~20:30 (※1인 35분 소요)✅ 운영장소 : 남구 청년창조발전소 (남구 용소로46번길 7)✅ 신청방법 : 남구 청년창조발전소 홈페이지 청년프로그램 신청☎ 문의 : 남구 일자리경제과 청년정책팀 (051-607-3666~7)본 사업은 『부산광역시 2025 동네청년공간 활성화 지원사업』입니다.",https://young.busan.go.kr/policySupport/view.nm?menuCd=13&bizSid=SUP0000001959
모집마감,"차-오마카세, 헬시플레저(7월)",2025-07-11 ~ 2025-07-17,남구 일자리경제과 청년정책팀,2025-07-24 ~ 2025-07-24,051-607-3666,,18~39세 청년 누구나,"상세정보🍵[참여자 모집] 차-오마카세, 헬시플레저(7월)향긋한 차를 마시면서 일상이야기 나눠요!이번달에는 아카시아 에이드도 즐길 수 있답니다🙌⭐모집기간 : 7. 11 (금) ~ 7. 17⭐추첨일자 : 7. 17 (목) 17:00✅ 운영내용 : 좋은 차와 함께 일상 이야기를 나누는 시간✅ 모집대상 : 18~39세 청년 누구나 / 명 모집✅ 운영일시 : 7. 24 (목) 19:00~20:00✅ 운영장소 : 남구 청년창조발전소 (남구 용소로46번길 7)✅ 신청방법 : 남구 청년창조발전소 홈페이지 청년프로그램 신청☎ 문의 : 남구 일자리경제과 청년정책팀 (051-607-3666~7)",https://young.busan.go.kr/policySupport/view.nm?menuCd=13&bizSid=SUP0000001958
모집중,[2025 맛있는 미술관] 7월 작가와의 만남,2025-07-10 ~ 2025-07-22,남구 일자리경제과 청년정책팀,2025-07-23 ~ 2025-07-23,051-607-3666,,18~39세 청년 누구나,"상세정보[참여자 모집] <맛있는 미술관 7월> 작가와의 만남2025 맛있는 미술관의 7월 작가!김윤경 작가님에게 직접 작품 설명 듣고, 소통할 수 있는 시간,작가와의 만남 참여자를 모집합니다✨7월 맛있는 미술관 전시는 발전소 1층에서 관람가능하며,발전소 홈페이지의 온라인 전시로도 만나보실 수 있습니다:)⭐모집기간 : ~7. 22 (화)✅ 운영내용 : 김윤경 작가님이 직접 들려주는 작품 이야기, 소통✅ 모집대상 : 18~39세 청년 누구나 / 선착순 5명 모집✅ 운영일시 : 7. 23. (수) 19:00~20:00✅ 운영장소 : 남구 청년창조발전소 (남구 용소로46번길 7)✅ 신청방법 : 남구 청년창조발전소 홈페이지 청년프로그램 신청☎ 문의 : 남구 일자리경제과 청년정책팀 (051-607-3666~7)",https://young.busan.go.kr/policySupport/view.nm?menuCd=13&bizSid=SUP0000001957
모집중,2025 세상에 없던 마케팅 - 내 작품을 온라인으로!,2025-07-12 ~ 2025-07-30,청년작당소,2025-08-07 ~ 2025-08-28,051-711-2980,,청년 누구나,"상세정보🎨 세상에 없던 마케팅NFT와 함께하는 캐릭터 기반 마케팅 체험 프로그램2025 청년작당소 [청년프로그래머] 선정 프로그램📌 이런 청년에게 추천해요!✔ NFT에 관심 있거나 직접 발행해보고 싶은 청년✔ 나만의 캐릭터로 브랜딩하고 싶은 청년✔ SNS 콘텐츠 기획과 마케팅을 배워보고 싶은 청년✔ 디지털 자산화, 온라인 홍보에 대한 감각을 키우고 싶은 청년📍 프로그램 소개NFT기반 캐릭터 브랜딩부터 실물 연동 NFC 태깅, 마케팅 콘텐츠 제작까지!4주간 실습 중심으로 배워보는 디지털 자산과 SNS 브랜딩의 모든 것→ phantom wallet, bithumb 계정 생성→ 알파카io 기반 NFT 발행 및 NFT 등록→ 홍보 콘텐츠 제작 (영상, 포스터 등)→ SNS 업로드 & 결과 발표선정되신 분들께는 개별 문자 발송 예정입니다.(*미선정되신 분께는 별도의 문자가 발송되지 않는 점 양해부탁드립니다.)🍀 일정 : 총 4주차 프로그램1주차 : 2025년 08월 7일 목요일 19:00~21:002주차 : 2025년 08월 14일 목요일 19:00~21:003주차 : 2025년 08월 25일 목요일 19:00~21:004주차 : 2025년 08월 28일 목요일 19:00~21:00🍀 장소: 부산 청년작당소🍀 대상 : 부산에 거주하는 문화예술활동을 하는 청년🍀 신청방법 :https://forms.gle/YE5bxW4xt5j1hXMv6(구글폼 작성)🍀 참여문의 : 010-8494-1012 (김우주)🚘 주차 안내- 별도 주차 공간이 없으니, 대중교통이나 인근 주차장 이용 부탁드립니다.❌ 노쇼 금지- 무단불참, 노쇼 시 향후 청년작당소의 다른 프로그램 참여에 제약이 있을 수 있습니다.📷 프로그램 진행 중 사진촬영이 진행될 수 있습니다.",https://young.busan.go.kr/policySupport/view.nm?menuCd=13&bizSid=SUP0000001956
모집중,7월 싱싱한 북클럽🍀,2025-07-12 ~ 2025-07-30,청년작당소,2025-07-30 ~ 2025-07-30,051-711-2980,,청년 누구나,"상세정보[☀7월 싱싱한 북클럽]📢 매달 마지막 날, 청년의 경험이 담긴 '월간 경험책'을 함께 읽으며 리프레시를 찾는 초록초록 건강한 북클럽입니다!📌 이런 분들에게 추천합니다!✔ 매달 새로운 주제의 도서를 만나고 싶은 청년 누구나!✔ 건강한 관계와 정신이 리프레시 되고 싶은 청년 누구나!✔ 책을 매개로 다양한 사람들과 소통해보고 싶은 청년 누구나!🌟 아이스브레이킹 시간이 있어 부담 없이 대화 및 참여할 수 있습니다.🌟 함께 도서에 대한 이야기를 나누면서 건강한 대화를 해봐요🌟 '싱싱한 북클럽'은 해당 도서를 미리 읽고 오셔야 참여가능합니다!🍀 일시 : 2025년 07월 30일 (수) 19시~21시🍀 장소 : 청년작당소 클라이맥스🍀 선정도서 : 마중도 배운도 없이(저자: 박준)🍀 대상 : 책을 매개로 소통하고 싶은 청년 6명 (*만 18세~39세)🍀 신청방법 :https://forms.gle/9aKgbJ4GMtWm7Qdz7(구글폼 작성)📌선정 시, 확정 문자 발송예정입니다! 확정 문자를 받아야 최종 확정됩니다!📌사전에 해당 도서를 읽고 오셔야 원활한 참여가 가능합니다.🙌참여문의 :- 📞청년작당소 051-711-2980- 📩DM @jakdangso_busan🚘 주차 안내- 별도 주차 공간이 없으니, 대중교통이나 인근 주차장 이용 부탁드립니다.❌ 노쇼 금지- 무단불참, 노쇼 시 향후 청년작당소의 다른 프로그램 참여에 제약이 있을 수 있습니다.📷 프로그램 진행 중 사진촬영이 진행될 수 있습니다.",https://young.busan.go.kr/policySupport/view.nm?menuCd=13&bizSid=SUP0000001955
모집중,(전국청년)청년 구정참여 마일리지 제도 『개청30주년 더블업』 이벤트 안내,2025-07-14 ~ 2025-09-27,수영구 일자리경제과,2025-07-14 ~ 2025-09-27,051-610-4374,,18세~39세의 전국 청년,"상세정보수영구 개청30주년과 여름 휴가철 맞이하여 전국 청년들의 수영구정에 대한 관심도 참여도를높이고 다양한 생각과 활동을 이끌어내기 위한「청년참여 마일리지제도」“5개 활동 항목마일리지2배 적립”이벤트를 진행하고 있으니관심있는청년들의 많은 참여부탁드립니다.<< 이벤트 내용>>󰋻기 간:2025.7.14.(월) ~ 2025.9.27.(토)⇒청년참여 마일리지2배적립󰋻참여대상:수영구정에 참여하는18세~39세의 전국 청년누구나󰋻내 용:활동에 따라 적립된 마일리지를 포인트로 전환 지급󰋻참여방법 및 절차➀수영구 청년포털 홈페이지를 통해 본인인증→30,000마일리지 적립☞홈페이지 주소:https://www.suyeong.go.kr/youth/index.suyeong➁수영구 청년포털 홈페이지 내 사업안내 및 적립규정 확인☞이벤트 기간 내:5개 활동 항목2배 적립➂수영구정에 온·오프라인 참여 활동→활동별2,000~100,000마일리지 적립☞이벤트 기간 내:활동별4,000 ~ 100,000마일리지 적립➃50,000마일리지 이상 적립 시 인센티브(포인트)로 전환가능➄인센티브(포인트)는 부산시*동백전(부산지역화폐)플랫폼을 통해 정책 지원금형태로 지급*동백전App설치 및 회원가입 필수➅지급 받은 인센티브(포인트)는수영구 관내 동백전 가맹점(2만5천여개소)에서현금처럼 사용※문의:수영구청 일자리경제과☎051-610-4374",https://young.busan.go.kr/policySupport/view.nm?menuCd=13&bizSid=SUP0000001954
모집중,4주완성 마케팅 스쿨 2기,2025-07-11 ~ 2025-08-01,해운대 청년JOB카페(드림포트),2025-08-01 ~ 2025-08-29,051-321-3307,,만 15 ~ 만 39세 청년,"상세정보[해운대 청년JOB카페 드림포트 프로그램 안내]■ 프로그램 : 4주완성 마케팅 스쿨 2기마케팅 스쿨1기 조기마감의 성원에 감사하며 마케팅 스쿨 2기 모집을 시작합니다!(선착순 마감)👏무려, 부산대학교, 부산외국어대학교, 경성대학교 외래교수 우승균 교수님께서 직접 강의하시는 전문성 탄탄한 강의를 무료로 들을 수 있는 대박적 기회!듣기만 해도 마케팅 전공자에 버금가는 지식 수준에 수료 시 해운대구청장 수료증 발급까지!!😍소중한 방학기간 한 번의 투자로 마케팅 전문가로 거듭날 수 있는 기회!👍갓.생 우리 한번 살아보자구요ㅎㅎ취업준비와 창업준비 모두에 필요한 마케팅 역량을 강화하고, 마케팅 전문가가 되고 싶다면 당장 신청하러 가봅시다!■ 교육내용[1~2주] 마케팅 핵심이론 [8/01~8/14, 주3일(화, 목, 금) 2주]:STP전략, 광고 PR전략, 소비자행동, 브랜드전략, 서비스 마케팅, 시장조사 등[3~4주] 디지털 AI 마케팅 전략 [8/19~8/29, 주3일(화, 목, 금) 2주]:디지털 AI 마케팅, e커머스와 소비트렌드, 빅데이터 마케팅, SNS 마케팅 등마케팅 박사님이 직접 들려주는 흥미로운 이론과우리 주변에서 쉽게 볼 수 있는 사례들을 통해일상에서의 마케팅을 이해할 수 있게 도와드립니다.'마케팅에 대해서 제대로 알아보고 싶은데...''어떻게 해야 광고가 더 효과적으로 보일까?...'이런 생각 해보신 적 있다면, 이번 기회를 놓치지 마세요.■ 일시 : 25.8.01. ~ 8/.29. 09:30 ~ 13:30■ 장소 : 두원잡 부산동부사무소 4층(충렬대로 146) / 동래역 6번 출구■ 대상 : 15~39세 취업을 준비하는 모든 청년■ 비용 : 무료■ 참고 : 선착순으로 조기 마감될 수 있습니다☞교육 신청 링크 클릭☜※ 주차 공간이 제공되지 않습니다. 대중교통을 이용 부탁드립니다.☎ 문의 : 051-321-3331 / 051-327-3343",https://young.busan.go.kr/policySupport/view.nm?menuCd=13&bizSid=SUP0000001953
모집중,"자기이해&진로설정 : '나'를 이해하고, 미래를 설계하다",2025-07-11 ~ 2025-07-31,해운대 청년JOB카페(드림포트),2025-07-31 ~ 2025-07-31,051-321-3307,,만 15 ~ 만 39세 청년,"상세정보[해운대 청년JOB카페 드림포트 프로그램 안내]■ 프로그램 : '나'를 이해하고, 미래를 설계하다■ 교육내용💡 자기이해부터 진로설정까지 ! 청년을 위한 커리어 탐색 특강📍나의 성향, 가치관, 강점은 무엇일까? 진짜 '나'를 제대로 아는 법!📍 직무의 정의와 필요 역량 파악하기!📍 막연한 꿈이 아닌 현실적이고 실행 가능한 진로 계획 수립까지!스스로에 대해 알고 싶지만 어떻게 시작해야 할지 모르는 분,진로에 대해 고민하고 있는 대학생 및 취준생자신에게 맞는 직업과 역량을 찾고 싶은 청년들 !👉 지금, 나를 이해하고 미래를 설계하는 첫걸음을 함께 시작하세요![ 교육 세부 내용 ]1. 자기이해 : 나는 누구인가 ?- 자기이해의 필요성 이해- 성격유형, 가치관, 강점 탐색- 워크시트를 통한 나의 강점 및 경험 도출2. 진로탐색 : 직무와 산업 이해하기- 직무의 정의 및 필요역량 파악- 산업별 트렌드와 직무연결 실습- 나에게 맞는 직무·산업 매칭3. 진로목표 설정 및 실행계획 수립- 나만의 진로목표 작성- 단기·중기·장기 계획 수립- 발표 및 피드백, 질의응답■ 일시 : 25.7.31. (목) 13:30 ~ 17:30 (4시간)■ 장소 : 해운대청년job카페 드림포트 (부산 해운대구 반여로 120)■ 대상 : 15~39세 취업을 준비하는 모든 청년■ 비용 : 무료☞교육 신청 링크 클릭☜※주차장이 제공되지 않습니다. 대중교통을 이용해주시기 바랍니다☎ 문의 : 051-321-3331 / 051-327-3343",https://young.busan.go.kr/policySupport/view.nm?menuCd=13&bizSid=SUP0000001952
모집중,"스트레스 관리&멘탈 케어 : 마음이 지칠 때, 나를 배우는 시간",2025-07-11 ~ 2025-07-23,해운대 청년JOB카페(드림포트),2025-07-23 ~ 2025-07-23,051-321-3307,,만 15 ~ 만 39세 청년,"상세정보[해운대 청년JOB카페 드림포트 프로그램 안내]■ 프로그램 : 마음이 지칠 때, 나를 배우는 시간■ 교육내용⏳스트레스는 줄이고 마음의 면역력은 높이는 일상 속 멘탈 루틴 만들기1. 스트레스와 멘탈 건강 알아보기- 스트레스의 정의- 나의 멘탈 온도는?- 스트레스 반응 유형- 스트레스가 멘탈에 미치는 영향2. 멘탈 중심을 잡는 방법들- 인식과 관점 전환 활동- 회복탄력성 키우기- 다양한 방법 실습3. 루틴으로 멘탈관리 완성하기- 내 멘탈에 맞는 스트레스 유형 찾기- 멘탈 루틴 설계 워크시트 작성- 도움 받을 수 있는 기관 안내- 주변 관계 자원 탐색스트레스는 줄이고, 회복탄력성을 키워 내 삶의 중심을 다시 잡는 시간!지금 내 마음을 돌보는 첫 걸음을 시작하세요. 당신의 멘탈 루틴, 함께 만들어드립니다.■ 일시 : 25.7.23. (수) 13:30 ~ 17:30 (4시간)■ 장소 : 해운대청년job카페 드림포트 (부산 해운대구 반여로 120)■ 대상 : 15~39세 취업을 준비하는 모든 청년■ 비용 : 무료☞교육 신청 링크 클릭☜※주차장이 제공되지 않습니다. 대중교통을 이용해주시기 바랍니다☎ 문의 : 051-321-3331 / 051-327-3343",https://young.busan.go.kr/policySupport/view.nm?menuCd=13&bizSid=SUP0000001951
모집중,커뮤니케이션 기술 - 마음을 잇는 대화,2025-07-11 ~ 2025-07-22,해운대 청년JOB카페(드림포트),2025-07-22 ~ 2025-07-22,051-321-3307,,만 15 ~ 만 39세 청년,"상세정보[해운대 청년JOB카페 드림포트 프로그램 안내]■ 프로그램 : 마음을 잇는 대화■ 교육내용📑나를 알아보고 관계가 깊어지는 소통 기술을 알아보는 시간1. 관계를 돌아보기- 관계가 어려운 이유- 관계를 힘들게 하는 요인들- 관계에서 '나'를 탐색하기2. 나의 표현과 소통- 자주 하는 말버릇- 소통 성향 자가 진단과 피드백- 내 표현 방식 점검- '나' 표현법 연습3. 감정 표현, 실전 연습- 최근 내가 느낀 감정- 감정-욕구 분리 훈련- 관계 회복 문장 만들기'나'에 대한 이해부터 시작되는 관계.소통의 본질을 탐색하고, 관계를 깊이 있게 만드는 대화의 기술을 체계적으로 배울 수 있습니다!■ 일시 : 25.7.22. (화) 13:30 ~ 17:30 (4시간)■ 장소 : 해운대청년job카페 드림포트 (부산 해운대구 반여로 120)■ 대상 : 15~39세 취업을 준비하는 모든 청년■ 비용 : 무료☞교육 신청 링크 클릭☜※주차장이 제공되지 않습니다. 대중교통을 이용해주시기 바랍니다☎ 문의 : 051-321-3331 / 051-327-3343",https://young.busan.go.kr/policySupport/view.nm?menuCd=13&bizSid=SUP0000001950
모집중,부산에서 시작하는 AI 취업 전략,2025-07-11 ~ 2025-07-21,해운대 청년JOB카페(드림포트),2025-07-21 ~ 2025-07-21,051-321-3307,,만 15 ~ 만 39세 청년,"상세정보[해운대 청년JOB카페 드림포트 프로그램 안내]■ 프로그램 : 부산에서 시작하는 AI 취업 전략■ 교육내용✅ 2025 채용트렌드와 기업의 필요 인재상 변화- 변화하는 채용 트렌드와 준비 자세- 달라진 역량과 세상의 변화- 직무는 기본 ! 인성이 우선 !✅ 산업 트렌드와 부산- 산업의 메가 트렌드- 부산의 산업 구조와 부울경 채용 정보- 부산 취업 시장의 변화 예측✅ 단계적 취업 전략- 직무의 이해- 기업분석과 커리어 로드맵- Chat GPT를 활용한 취업 준비📢 부산 취준생 모여라 ! 📢급변하는 채용 환경과 인재상 변화 속에서 취업 시장 흐름을 미리 파악하고,나아가 ChatGPT를 활용한 실전 전략을 익힐 수 있도록 돕는 특강입니다 !혼자 하는 취업 준비, 이제는 함께 고민하고 똑똑하게 준비해보아요 : )■ 일시 : 25.7.21. (월) 13:30 ~ 17:30 (4시간)■ 장소 : 해운대청년job카페 드림포트 (부산 해운대구 반여로 120)■ 대상 : 15~39세 취업을 준비하는 모든 청년■ 비용 : 무료☞교육 신청 링크 클릭☜※주차장이 제공되지 않습니다. 대중교통을 이용해주시기 바랍니다☎ 문의 : 051-321-3331 / 051-327-3343",https://young.busan.go.kr/policySupport/view.nm?menuCd=13&bizSid=SUP0000001949
모집마감,[돌봄이음] 활력 충전소,2025-07-10 ~ 2025-07-17,부산진구종합사회복지관,2025-07-18 ~ 2025-07-18,051-893-0035,,만19~39세 부산 1인가구 청년,"상세정보🌟 청년돌봄이음 스위치온 🌟💡 활력충전소 - 3회기“지금 내 감정은 어떠한가?”감정에 대해 알아보고, 스스로를 돌아보는 시간을 함께 가져보려 합니다.🗓 일시: 7월 18일(금) 19:00~21:00📍 장소: 와글와글플랫폼👤 대상: 부산 거주 1인가구 청년📩 신청방법: 와글와글플랫폼 인스타DM 또는 카카오톡 채널👉 감정에도 충전이 필요해요.지친 마음에 따뜻한 불빛을 켜줄 시간, 함께해요! ✨",https://young.busan.go.kr/policySupport/view.nm?menuCd=13&bizSid=SUP0000001948
모집마,「2025 부산 청년캠프」참가자 모집,2025-07-11 ~ 2025-07-17,부산경제진흥원,2025-07-26 ~ 2025-07-27,,,,,
모집중,[해운대구] 청년 소통(생활법률교육) 프로그램 참여자 모집,2025-07-10 ~ 2025-07-22,해운대 청년채움공간,2025-07-23 ~ 2025-07-23,051-647-0917,,부산시 청년 누구나,"상세정보✧･ﾟ: 소통 프로그램(생활 법률) 입니다. :･ﾟ✧- 일자 : 2025년 7월 23일(수)- 시간 : 오후 7시 ~ 오후9시- 장소 : 해운대 청년채움공간 D동 공유회의실(해운대구 센텀동로 200)- 내용 : 실생활 속 분쟁 BEST5 법률 무료 교육(실생활 속 분쟁 BEST5! 가족 간의 금전·명의 문제, 부동산 거래 실수, 빌려준 돈 못 받은 사례, 동거·연애·결혼 분쟁, 일상 속 증거법 상식 등 교육)- 수강료 : 무료- 문의처 : 051-647-0917(청년채움공간 운영사무국)- 참여신청은 반드시 네이버폼으로 신청부탁드립니다.-참여신청 URL!!! 클릭!!!!!!!!!",https://young.busan.go.kr/policySupport/view.nm?menuCd=13&bizSid=SUP0000001947
모집중,북구 청년 창업 오피스 ‘청년 아이디어 스퀘어(Idea Square)’ 입주자 모집,2025-07-14 ~ 2025-07-31,부산광역시 북구 도시창조과,2025-09-01 ~ 2026-08-31,051-309-5175,,북구 청년,"상세정보<북구 청년 창업 오피스 ‘청년 아이디어 스퀘어(Idea Square)’ 입주자 모집>북구 청년 창업오피스 「청년 아이디어 스퀘어(Idea Square)」 입주 희망자를 아래와 모집합니다!창업에 도전하고자 하는 청년들의 많은 참여 바랍니다.🧡신청기간 : 2025. 7. 14. (월) ~ 7. 31. (목)🧡신청방법 : 이메일 접수 (nopeunhuri@korea.kr) 또는북구청 도시창조과 청년희망팀 방문접수※ 방문접수 시 평일 09:00 ~ 18:00시 접수가능 (12:00~13:00 제외), 북구청 홈페이지 공고 제출서류 참고🧡입주기간 : 2025. 9. ~ 2026. 8.🧡입주장소 : 북구 만덕대로 21, 9층 및 10층 (덕천동, 선샤인 공유오피스)🧡신청자격(모든 조건 충족)- 만 18~39세 이하의 사업자등록 7년 이내의 초기 창업자로 창업아이템 및 사업계획 수립이 된 자(팀)(단, 창업 아이템과 사업계획이 수립된 자 중 3개월 이내 사업자 등록이 가능한 예비 창업자는 지원 가능)- 공고일(2025. 7. 11.) 기준 주민등록 또는 사업장 주소지가 북구인 자- 단, 선정 후 2개월 이내 북구 전입 또는 사업장 주소이전 등록이 가능한 자는 가능🧡지원분야 : 제외업종* 외 분야별 제한 없음*단순서비스업(카페, 요식업, 미용업 등), 유흥, 사행성 업종, 전문직종 등 제외🧡지원사항- 사무실(1인 기준, 테이블 및 의자 포함) 월 임차료 및 커뮤니티 공간 지원- 맞춤형 창업교육, 전문가 멘토링 지원🧡유의사항 : 입주 이후 정당한 사유 없이 월 최소 출근일수 10일을 충족하지 못할 경우 자동퇴소 (1회 경고, 2회 자동퇴소 조치)🧡문의 : 북구청 도시창조과 쳥년희망팀 (051-309-5175)",https://young.busan.go.kr/policySupport/view.nm?menuCd=13&bizSid=SUP0000001946
모집중,사하청년『청년취업아카데미』여름특강 수강생 大모집,2025-07-09 ~ 2025-07-28,사하구 경제일자리과,2025-07-29 ~ 2025-07-30,051-201-0191,,18~39세 사하구 거주 및 활동청년,상세정보,https://young.busan.go.kr/policySupport/view.nm?menuCd=13&bizSid=SUP0000001945
모집중,사하청년 메이커공작소「나만의 네온사인 간판」수강생 大모집,2025-07-10 ~ 2025-07-28,사하구 일자리정책과,2025-07-30 ~ 2025-07-31,051-201-0191,,사하구 거주 및 활동 중인 18~39세 청년,상세정보,https://young.busan.go.kr/policySupport/view.nm?menuCd=13&bizSid=SUP0000001944
모집중,하루만에 끝내는 마케팅 특강B [디지털 AI마케팅],2025-07-09 ~ 2025-07-29,해운대 청년JOB카페(드림포트),2025-07-29 ~ 2025-07-29,051-321-3307,,만 15 ~ 만 39세 청년,"상세정보[해운대 청년JOB카페 드림포트 프로그램 안내]■ 프로그램 : 하루만에 끝내는 마케팅 특강B■ 교육내용하루만에 끝내는 [디지털 AI마케팅]- 유튜브와 SNS 마케팅, 알고 보면 이렇게 쉽다!- e커머스에서 잘 팔리는 비밀은 따로 있다?- AI 시대, 마케터가 꼭 알아야 할 전략 포인트디지털 AI 마케팅 – 쉽고 재미있게 배우는 마케팅의 모든 것!마케팅이 궁금하지만, 어렵고 복잡할까봐 망설이셨나요?이제 단 하루, 실전 중심의 특강으로 그 벽을 넘을 시간입니다!이번 특강에서는디지털 시대에 꼭 필요한 마케팅의 핵심 원리부터AI 시대, 마케터 핵심 전략까지!한 번에 배울 수 있습니다.💡 이런 내용을 다룹니다!- 유튜브와 SNS 마케팅, 알고 보면 이렇게 쉽다!- e커머스에서 잘 팔리는 비밀은 따로 있다?- AI 시대, 마케터가 꼭 알아야 할 전략 포인트이론은 어렵지 않게,사례는 우리가 매일 마주하는 현실에서!전문 마케팅 박사님의 쉽고 유쾌한 설명으로마케팅의 핵심을 빠르고 확실하게 이해할 수 있습니다.이론은 너무 어렵고, 현실은 너무 복잡하다고 느껴졌던 마케팅!하지만 이 특강에선 쉽고 재미있게, 단 하루 만에 핵심만 쏙쏙 알려드립니다.'마케팅에 대해서 제대로 알아보고 싶은데...''어떻게 해야 광고가 더 효과적으로 보일까?...'이런 생각 해보신 적 있다면, 이번 기회를 놓치지 마세요.재미있고 알찬 하루, 마케팅이 쏙쏙 이해되는 특별한 경험!지금 바로 함께해보세요!■ 일시 : 25.7.29.(화) 09:30~13:30 (4시간)■ 장소 : 해운대청년job카페 드림포트 (부산 해운대구 반여로 120)■ 대상 : 15~39세 취업을 준비하는 모든 청년■ 비용 : 무료☞교육 신청 링크 클릭☜※주차장이 제공되지 않습니다. 대중교통을 이용해주시기 바랍니다☎ 문의 : 051-321-3331 / 051-327-3343",https://young.busan.go.kr/policySupport/view.nm?menuCd=13&bizSid=SUP0000001943
모집중,하루만에 끝내는 마케팅 특강A [마케팅 핵심 이론 정리],2025-07-09 ~ 2025-07-28,해운대 청년JOB카페(드림포트),2025-07-28 ~ 2025-07-28,051-321-3307,,만 15 ~ 만 39세 청년,"상세정보[해운대 청년JOB카페 드림포트 프로그램 안내]■ 프로그램 : 하루만에 끝내는 마케팅 특강A■ 교육내용하루만에 끝내는 [마케팅 핵심 이론 정리]- 소비자행동, 광고와 PR전략- 브랜드 전략, 시장조사 등해운대 청년JOB카페 드림포트에서 준비한 ""하루만에 끝내는 마케팅 특강 A편""""하루면 충분하다! 현실에서 통하는 마케팅의 모든 것!""마케팅이 궁금하지만 어렵게만 느껴지셨나요?이번 특강은 그런 분들을 위해 준비했습니다.이론은 너무 어렵고, 현실은 너무 복잡하다고 느껴졌던 마케팅!하지만 이 특강에선 쉽고 재미있게, 단 하루 만에 핵심만 쏙쏙 알려드립니다.마케팅 박사님이 직접 들려주는 흥미로운 이론과우리 주변에서 쉽게 볼 수 있는 사례들을 통해일상에서의 마케팅을 이해할 수 있게 도와드립니다.'마케팅에 대해서 제대로 알아보고 싶은데...''어떻게 해야 광고가 더 효과적으로 보일까?...'이런 생각 해보신 적 있다면, 이번 기회를 놓치지 마세요.재미있고 알찬 하루, 마케팅이 쏙쏙 이해되는 특별한 경험!지금 바로 함께해보세요!■ 일시 : 25.7.28.(월) 09:30~13:30 (4시간)■ 장소 : 해운대청년job카페 드림포트 (부산 해운대구 반여로 120)■ 대상 : 15~39세 취업을 준비하는 모든 청년■ 비용 : 무료☞교육 신청 링크 클릭☜※주차장이 제공되지 않습니다. 대중교통을 이용해주시기 바랍니다☎ 문의 : 051-321-3331 / 051-327-3343",https://young.busan.go.kr/policySupport/view.nm?menuCd=13&bizSid=SUP0000001942
모집마감,레이저커팅을 활용한 액자 제작,2025-07-09 ~ 2025-07-16,남구 일자리경제과 청년정책팀,2025-07-21 ~ 2025-07-21,051-607-3666,,18~39세 청년 누구나,상세정보🖼️[참여자 모집] 유엔문화창작공간 : 레이저 커터_액자레이저 커팅기를 활용해서나만의 액자를 만들 참여자를 모집합니다🙌⭐모집기간 : 7. 9 (수) ~ 7. 16 (수)⭐추첨일자 : 7. 16 (수) 17:00✅ 운영내용 : 레이저 커팅을 활용한 액자 제작✅ 모집대상 : 18~39세 청년 누구나 / 4명 모집(헌혈 우선 추첨 : 1명)✅ 운영일시 : 7. 21 (월) 18:30~20:30✅ 운영장소 : 남구 청년창조발전소 (남구 용소로46번길 7)✅ 신청방법 : 남구 청년창조발전소 홈페이지 청년프로그램 신청☎ 문의 : 남구 일자리경제과 청년정책팀 (051-607-3666~7),https://young.busan.go.kr/policySupport/view.nm?menuCd=13&bizSid=SUP0000001941
모집중,거문고 콘서트 : 소리의 문(門),2025-07-09 ~ 2025-07-25,남구 일자리경제과 청년정책팀,2025-07-26 ~ 2025-07-26,051-607-3666,,18~39세 청년 누구나,"상세정보[남구 온 스테이지] 국악 콘서트 : 소리의 문(門)이번 7월, 우리 소리를 만나는 시간!현재 활발하게 활동하고 있는 국악 전공자들의 공연!거문고·가야금·장구가 어우러진 국악 콘서트에 여러분을 초대합니다 :)가야금의 맑은 선율, 거문고의 깊은 음색, 장구의 리듬이 만나는국악의 진짜 매력을 느껴보세요✨⭐모집기간 : ~7. 25 (금)✅ 입장료 : 무료✅ 입장연령 : 18~39세 청년 누구나✅ 좌석인원 : 선착순 30명✅공연일시 : 7. 26 (토) 15:00~16:30✅ 운영장소 : 남구 청년창조발전소 3층 공연장 (남구 용소로46번길 7)✅ 신청방법 : 남구 청년창조발전소 홈페이지 청년프로그램 신청☎ 문의 : 남구 일자리경제과 청년정책팀 (051-607-3666~7)본 사업은 『부산광역시 2025 동네청년공간 활성화 지원사업』입니다.",https://young.busan.go.kr/policySupport/view.nm?menuCd=13&bizSid=SUP0000001940
모집중,사하구 청년창업지원센터 입주기업 모집 공고,2025-07-09 ~ 2025-07-22,사하구 청년창업지원센터(부산사하창업비즈니스센터),2025-07-09 ~ 2025-07-22,051-201-0191,,공고일 기준 업력 7년 이내 (예비)창업자,"상세정보★입주기업 모집안내★우수한 사업 아이디어와 열정을 지닌 (예비)창업자를 모집합니다:)◆모집기간: 2025년 7월 9일(수) ~ 7월 22일(화) 18:00까지◆모집규모: 총 8개팀◆모집대상: 공고일 기준 업력 7년 이내 (예비)창업자◆지원내용: (창업공간지원)입주실(1인실~3인실), 다인실(1인 1좌석)(시제품제작지원)메이커 장비 및 영상미디어 장비 교육, 사용지원(창업교육프로그램)기술창업 및 기업경영 교육과정 운영(네트워크프로그램)간담회, 아이디어 경진대회, 성과공유회 등 운영(멘토링프로그램)세무,회계,창업아이템 멘토링 및 경영 전반 자문(선택형사업)창업아이템 사업화, 판로개척 등을 위한 지원◆참여방법: 홈페이지 공고문 참조(https://www.saha.go.kr/startup/main.do)",https://young.busan.go.kr/policySupport/view.nm?menuCd=13&bizSid=SUP0000001939
모집중,댕냥이 입맛 저격 - 수제간식 만들기,2025-07-09 ~ 2025-07-25,해운대 청년JOB카페(드림포트),2025-07-25 ~ 2025-07-25,051-321-3307,,만 15 ~ 만 39세 청년,"상세정보[해운대 청년JOB카페 드림포트 프로그램 안내]■ 프로그램 : 댕냥이 입맛 저격 : 수제간식 만들기■ 교육내용1. 반려동물 수제 간식 창업 알아보기1) 수제간식점 창업절차2) 사료 제조업이란?3) 사료성분등록 자세히 알아보기2. 반려동물 케이크 만들기1) 케이크 디자인 짜기2) 천연가루로 조색하기3) 강아지 및 고양이 얼굴 케이크 만들기4) 적고 싶은 문구를 넣은 레터링 케이크 만들기🐶🐱 반려인이라면 꼭 알아야할 수제 간식 클래스직접 만드는 반려동물 간식,내 손으로 만든 건강 간식을 우리 댕냥이에게 선물해보아요!🐾 같이 만들고, 같이 배우는 특별한 하루.✔ 청년 대상 무료 클래스✔ 건강한 재료로 만드는 맞춤형 간식✔ 실습 위주, 완제품 포장까지!우리 댕냥이들을 위한 간식, 직접 만들어보세요!■ 일시 : 25.7.25.(금) 13:30 ~ 17:30 (4시간)■ 장소 : 해운대청년job카페 드림포트 4층 (부산 해운대구 반여로 120)■ 대상 : 15~39세 취업을 준비하는 모든 청년■ 비용 : 무료☞교육 신청 링크 클릭☜※주차장이 제공되지 않습니다. 대중교통을 이용해주시기 바랍니다☎ 문의 : 051-321-3331 / 051-327-3343",https://young.busan.go.kr/policySupport/view.nm?menuCd=13&bizSid=SUP0000001938
모집마감,[해운대 청년JOB카페 드림포트] 자기이해기반 직무역량UP!,2025-07-09 ~ 2025-07-16,해운대 청년JOB카페(드림포트),2025-07-16 ~ 2025-07-16,051-321-3307,,만 15 ~ 만 39세 청년,"상세정보[해운대 청년JOB카페 드림포트 프로그램 안내]■ 프로그램 : 자기이해기반 직무역량 UP!■ 교육내용1. 조직에서의 직무 수행을 위한 자기이해 전략- 참여자 소개 및 과정 안내- 도형심리 검사- 현재의 심리적 상황과 요구에 대한 이해2. 자기이해에 기반한 직무역량 향상 전략- 취업활동 경험공유- 조직에서 요구되는 직무역량이해- 자기강점과 직무역량 연계 방법3. 직무역량 Up을 위한 관계지수 높이기- 조직에서의 직무역량과 관계지수와의 연관성- 에고그램 검사- 자신의 인간관계전략에 대한 분석- 직무역량을 함양하기 위한 관계지수 향상 전략💡자기이해와 역량개발을 위한 첫걸음!나를 제대로 이해하는 게 먼저! 에고그램 심리 테스트로,✔ 진짜 내 성향 파악하고✔ 대인관계, 커리어, 자기개발에 활용하는 법까지!📌 에고그램 심리 테스트를 통해 자신의 성격패턴과 행동 스타일을 분석하여,나도 몰랐던 내 성향와 관계의 방식을 이해하는 시간!테스트 결과를 바탕으로 나의 강점은 무엇인지, 부족한 부분은 어떤지,사회생활 / 대인관계 / 자기개발에 어떻게 활용할 수 있는지 알려드립니다 : )■ 일시 : 25.7.16.(수) 13:30 ~ 17:30 (4시간)■ 장소 : 해운대청년job카페 드림포트 (부산 해운대구 반여로 120)■ 대상 : 15~39세 취업을 준비하는 모든 청년■ 비용 : 무료☞교육 신청 링크 클릭☜※주차장이 제공되지 않습니다. 대중교통을 이용해주시기 바랍니다☎ 문의 : 051-321-3307 / 051-327-3343",https://young.busan.go.kr/policySupport/view.nm?menuCd=13&bizSid=SUP0000001937
모집마감,AI 자기소개서 작성 방법 완전 분석!,2025-07-08 ~ 2025-07-17,해운대 청년JOB카페(드림포트),2025-07-17 ~ 2025-07-17,051-321-3307,,만 15 ~ 만 39세 청년,"상세정보[해운대 청년JOB카페 드림포트 프로그램 안내]■ 프로그램 : AI 자기소개서 작성방법■ 교육내용✨AI 자기소개서를 작성하는 비법이 따로 있다?!같은 내용을 넣어도 더 완성도 높은 결과물을 뽑아내는 비법공개!자기소개서의 핵심 원리부터 AI 프로그램의 작동 원리까지 한 번에 이해할 수 있는 절호의 기회인터넷에서는 아무도 알려주지 않는 비밀들!AI 자기소개서 프로그램 완전 분석을 통해 여러분들의 구직 활동 시간을 획기적으로 단축시켜드립니다!1. 자기소개서 기본 개념부터 AI 활용법- 자기소개서 프로그램을 사용하기 위해 우리가 꼭 알아야 하는 자기소개서의 기본 원리- AI 프로그램의 작동 원리와 완벽한 결과물 도출을 위한 명령어 입력 꿀팁2. AI로 작성한 예시 분석 및 실습하기- AI 자기소개서 작성 예시를 통해 문장이 생성되는 원리를 이해하기- 완성된 자기소개서 예시를 통해 자신만의 자기소개서 작성 실습3. 나만의 자기소개서, AI와 함께 완성하기- 생성된 자기소개서 검토(강사님의 1:1 지도 컨설팅)■ 일시 : 25.7.17.(목) 13:30 ~ 17:30 (4시간)■ 장소 : 해운대청년job카페 드림포트 (부산 해운대구 반여로 120)■ 대상 : 15~39세 취업을 준비하는 모든 청년■ 비용 : 무료■ 준비물 : 노트북 및 갤럭시탭 등 자기소개서 프로그램 사용이 가능한 기기☞교육 신청 링크 클릭☜※주차장이 제공되지 않습니다. 대중교통을 이용해주시기 바랍니다☎ 문의 : 051-321-3307 / 051-327-3343",https://young.busan.go.kr/policySupport/view.nm?menuCd=13&bizSid=SUP0000001936
모집마감,AI 활용 완전 분석! - 취·창업 정복하기,2025-07-08 ~ 2025-07-15,해운대 청년JOB카페(드림포트),2025-07-15 ~ 2025-07-15,051-321-3307,,만 15 ~ 만 39세 청년,"상세정보[해운대 청년JOB카페 드림포트 프로그램 안내]■ 프로그램 : AI 활용 완전 분석! - 취·창업 정복하기■ 교육내용✨4차산업 및 서비스경영 전문강사가 알려주는 ""AI 활용 완전 분석! - 취·창업 정복하기""본격 AI 시대, 시대의 흐름에 맞추는 것을 넘어, 시대의 흐름에 앞장설 수 있는 기회다양한 AI 프로그램의 구동 원리와 목적에 따라 알맞은 프로그램의 종류와 사용 방법까지4차산업 전문강사가 알려주는 AI 프로그램 완전 정복주제 및 목적1. 주요 AI 도구(CHAT GPT, Gemini, Copilot, 뤼튼)의핵심 기능 이해를 통한 취·창업 아이디어 구체화 기술2. 전략 기획, 데이터 분석, 마케팅 보고서 등 실무에 바로적용 가능한 AI 활용 기술※ 강의 목차1. AI 시대, 청년의 기회: 왜 AI인가?1) AI의 등장과 우리 삶의 변화2) 미래 사회와 직업의 변화3) 왜 지금 청년에게 AI 활용 역량이 필수인가?2. 핵심 AI 도구 탐색: 나에게 맞는 AI 찾기1) AI 도구의 기본 원리2) CHAT GPT3) Gemini4) Copilot5) 뤼튼6) 각 AI 도구별 특징 비교 및 나에게 맞는 AI 선택 가이드3. AI로 취업 & 창업 전략 세우기1) AI 기반 취업 전략2) AI 기반 창업 아이디어 기획3) (실전 시연) AI와 함께하는 이력서/자소서 첨삭 및 아이디어 발상4. AI 실무 생산성 극대화의 비밀1) AI 기반 전략 기획 및 보고서 작성2) AI를 활용한 커뮤니케이션 및 개인 브랜딩3) (실전시연) AI를 활용한 보고서 작성 및 마케팅 문구 생성■ 일시 : 25.7.15.(화) 13:30 ~ 17:30 (4시간)■ 장소 : 해운대청년job카페 드림포트 (부산 해운대구 반여로 120)■ 대상 : 15~39세 취업을 준비하는 모든 청년■ 비용 : 무료☞교육 신청 링크 클릭☜※주차장이 제공되지 않습니다. 대중교통을 이용해주시기 바랍니다☎ 문의 : 051-321-3307 / 051-327-3343",https://young.busan.go.kr/policySupport/view.nm?menuCd=13&bizSid=SUP0000001935
모집마감,"취·창업을 위한 ""효율적인 문서작성""",2025-07-08 ~ 2025-07-14,해운대 청년JOB카페(드림포트),2025-07-14 ~ 2025-07-14,051-321-3307,,만 15 ~ 만 39세 청년,"상세정보[해운대 청년JOB카페 드림포트 프로그램 안내]■ 프로그램 : 효율적인 문서작성■ 교육내용✨4차산업 및 서비스경영 전문강사가 알려주는 ""효율적인 문서작성""1. 신뢰를 구축하고 이해 관계자와의 관계 강화 등을 도모할 수 있는 보고서를 작성하는 기술2. 작성의 기본원칙과 작성시 유의해야 할 사항 등을 토대로 공문서를 올바르게 작성하는 기술3. 문서 작성을 위한 사무자동화 프로그램 활용에 대한 내용 및 사례사회 초년생들에게 필요한 서류 작성의 기본 이해보고서..?, 공문서...?, 계획서....? 처음 작성해보면 막막한 다양한 종류의 문서들각 문서들에 대한 필요성과 사용하는 목적 등 기본적인 이해와 작성법을 확실하게 알려드립니다!문서 작성을 보다 효율적으로 작성할 수 있는 사무 자동화 프로그램 활용까지 한 번에 배울 수 있는 기회■ 일시 : 25.7.14.(월) 13:30 ~ 17:30 (4시간)■ 장소 : 해운대청년job카페 드림포트 (부산 해운대구 반여로 120)■ 대상 : 15~39세 취업을 준비하는 모든 청년■ 비용 : 무료☞교육 신청 링크 클릭☜※주차장이 제공되지 않습니다. 대중교통을 이용해주시기 바랍니다☎ 문의 : 051-321-3331 / 051-327-3343",https://young.busan.go.kr/policySupport/view.nm?menuCd=13&bizSid=SUP0000001934
모집마감,일상에서 찾는 마케팅 '음료마케팅편',2025-07-08 ~ 2025-07-17,청년작당소,2025-07-17 ~ 2025-07-17,051-711-2980,,청년 누구나,"상세정보[일상에서 찾는 마케팅 – 음료 마케팅 편]광고에 대해 A to Z까지 이야기 나눠봐요!🥤 음료 마케팅이란?시원함, 달콤함, 상쾌함처럼감각을 자극하는 언어와 이미지로 소비자와 교감하며,계절, 트렌드, 감성에 맞춰 브랜드를 경험하게 하는 마케팅입니다.※ 이런 분들에게 추천합니다!✓ 기획, 콘텐츠, 브랜딩에 관심 있는 청년✓ 음료 광고 속 ‘전략’과 ‘스토리텔링’이 궁금한 청년✓ “코카콜라는 왜 항상 북극곰이 나올까?” 같은 질문을 해본 청년✓ 재미있는 광고 이야기가 궁금한 청년• 아이스브레이킹 시간이 있어 부담 없이 대화 및 참여할 수 있습니다.• 함께 음료 마케팅을 분석하며 재미와 인사이트를 동시에 얻습니다.• 마케팅을 보고, 듣고, 느낌점을 나누며 자연스럽게 네트워크가 형성됩니다.🍀 일시 : 2025년 07월 17일 (목)🍀 장소 : 청년작당소 클라이맥스🍀 대상 : 영상, 기획, 마케팅에 관심있는 누구나 (*만 18세~39세)🍀 참가비 : 무료 (노쇼비 3,000원) *프로그램 참가 시 돌려드립니다!🍀 신청방법 : 인스타 소개글(@jakdangso_busan) 내 구글폼 작성🙌참여문의 :- 📞청년작당소 051-711-2980- 📩DM @jakdangso_busan🚘 주차 안내- 별도 주차 공간이 없으니, 대중교통이나 인근 주차장 이용 부 탁드립니다.❌ 노쇼 금지- 무단불참, 노쇼 시 향후 청년작당소의 다른 프로그램 참여에 제약이 있을 수 있습니다.프로그램 진행 중 사진촬영이 진행될 수 있습니다.",https://young.busan.go.kr/policySupport/view.nm?menuCd=13&bizSid=SUP0000001933
모집마감,영화모임 : 씨네 1839,2025-07-08 ~ 2025-07-17,남구 일자리경제과 청년정책팀,2025-07-18 ~ 2025-07-18,051-607-3666,,18~39세 청년 누구나,"상세정보🎞️[CINE 1839] 일상모임(영화) : 씨네1839(7월)_Her말 걸어주는 AI랑 사랑에 빠진 남자 이야기!✨보다 보면 이해되는 그 감정.미리 본 영화, 우리 수다 떨어볼까요??⭐모집기간 : ~7. 17 (목)✅ 운영내용 : 영화 요약본 간단 감상 후, 이야기*미리 영화 시청하고 오시면 더욱 좋습니다✅ 모집대상 : 18~39세 청년 누구나 / 5명 모집✅ 운영일시 : 7. 18 (금) 18:30~ 19:30✅ 운영장소 : 남구 청년창조발전소 (남구 용소로46번길 7)✅ 신청방법 : 남구 청년창조발전소 홈페이지 청년프로그램 신청☎ 문의 : 남구 일자리경제과 청년정책팀 (051-607-3666~7)",https://young.busan.go.kr/policySupport/view.nm?menuCd=13&bizSid=SUP0000001932
모집마감,<취미 원정대 원데이클래스> 레진 공예_우드 바다 트레이,2025-07-08 ~ 2025-07-15,남구 일자리경제과 청년정책팀,2025-07-19 ~ 2025-07-19,051-607-3666,,18~39세 청년 누구나,상세정보[참여자 모집] 취미 원정대 원데이클래스 : 재미에 끌림_레진 공예 : 우드 바다 트레이레진을 활용한 우드 바다 트레이 원데이클래스!참여자 15명 모집합니다:)⭐모집기간 : 7. 8 (화)~7. 15 (화)⭐추첨일자 : 7. 15 (화) 17:00✅ 운영내용 : 레진을 활용한 우드 바다 트레이 만들기✅ 모집대상 : 18~39세 청년 누구나 / 15명 모집(헌혈자 우선 추첨 : 3명)✅ 운영일시 : 7. 19 (토) 13:00~15:00✅ 운영장소 : 남구 청년창조발전소 4층 원데이클래스룸(남구 용소로46번길 7)✅ 신청방법 : 남구 청년창조발전소 홈페이지 청년프로그램 신청☎ 문의 : 남구 일자리경제과 청년정책팀 (051-607-3666~7)본 사업은 『부산광역시 2025 동네청년공간 활성화 지원사업』입니다.,https://young.busan.go.kr/policySupport/view.nm?menuCd=13&bizSid=SUP0000001931
모집중,[금정구] 금청 취업 컨설팅 : Unlock Your Potential,2025-07-08 ~ 2025-07-24,청년창조발전소 꿈터플러스,2025-07-27 ~ 2025-07-27,051-710-4920,,부산 지역 취업준비생 및 이직 준비자(전공/업계 무관),"상세정보금청 취업 컨설팅 : Unlock Your Potential맞춤형 취업 컨설팅으로 꿈을 현실로 만드세요!취업 준비, 어디서부터 시작해야 할지 막막한 청년,나만의 강점을 살린 자소서 작성과 면접 코칭이 필요한 청년,취업 성공의 문을 활짝 열고 싶은 부산 지역 청년 누구나 신청할 수 있습니다.1. 모집 기간 : 월별 상시 모집 (너무 많은 인원이 신청한 경우, 조기 마감 될 수도 있습니다.)2. 진행 일정 : 7/27(일) 진행 (접수 순 개별 일정 조율)3. 제출 서류 : 부산 지역 취업 준비생임을 증명할 수 있는 서류 택 1 제출 (구글 폼 내 첨부)* 주민등록등본(뒷자리 미표기), 재학증명서, 졸업증명서 등4. 지원내용 : 아래 내용 중 관심 있는 분야 1가지 선택하여 지원1) 1:1 취업 상담2) 자소서 멘토링3) 면접 코칭5. 신청방법 : 구글 폼 작성https://forms.gle/VFc5ioPocjuQPzTR76. 비용 : 무료7. 신청문의 : 꿈터플러스 (T. 051-710-4920)",https://young.busan.go.kr/policySupport/view.nm?menuCd=13&bizSid=SUP0000001930
모집마감,[고립은둔 청년 돌봄이음] 활력 충전소,2025-07-08 ~ 2025-07-11,부산진구종합사회복지관,2025-07-09 ~ 2025-07-11,051-893-0035,,부산 1인가구 청년(19~39세),상세정보[청년돌봄이음 스위치온 활력충전소 참여자 모집]- 일정: 7월 9일 (수) 16:00~18:00 / 7월 11일 (금) 19:00~21:00- 장소 : 와글와글플랫폼- 신청대상 : 부산 거주 1인가구 청년 5명(선착순)- 내용1회기 - 오리엔테이션 및 tci 기질 검사 해석(사전 온라인 검사 진행)2회기 - tci와 함께! 나를 찾아떠나는 기질 여행- 신청방법 : 와글와글플랫폼 인스타 dm 및 카카오톡 채널#와글와글플랫폼#활력#충전소#활력충전소#1인가구#청년#tci,https://young.busan.go.kr/policySupport/view.nm?menuCd=13&bizSid=SUP0000001929
모집중,"[사하구] 직장적응 지원사업 ""신입직원 멘토링 지원""",2025-05-01 ~ 2025-11-30,사하여성인력개발센터,2025-05-01 ~ 2025-11-30,070-4223-8444,,① 고용보험 가입일 기준 근속기간 3년 미만 ② 만 39세 이하 청년층,"상세정보2025년 직장적응 지원은 고용노동부, 부산광역시, 사하구의 지원을 받아 운영하는프로그램으로 ""교육비 전액 지원""이니 많은 참여 부탁드립니다.📌 모집기간2025.05~2025.11※ 선착순 마감📌교육대상부산시 사하구 소재지의 기업에 종사하는 아래 ①,② 조건 모두 만족하는 신입직원① 고용보험 가입일 기준 근속기간 3년 미만② 만 39세 이하 청년층📌 진행 방법① 네이버폼 통한 인적사항 작성 및 희망 멘토링 주제, 대면•비대면 선택② 1 : 1 멘토링 진행 (회차당 2시간, 최대2회 제공)📌 멘토링 분야※세부내용 카드뉴스 참고① 비즈니스 매너② 경력개발③ 이·전직 지원📌 신청방법① 신청서 제출(QR코드 참조)(https://naver.me/FAPD8ltY)☎ 문의사하여성인력개발센터 T. 051-201-2214, 070-4223-8444",https://young.busan.go.kr/policySupport/view.nm?menuCd=13&bizSid=SUP0000001928
모집마감,[금정구] 1인 생활백서 -글쓰기 편-,2025-06-27 ~ 2025-07-14,부산광역시 금정구 기획감사실,2025-07-16 ~ 2025-07-30,051-519-4044,,1인 가구 청년 or 독립 희망 청년 10명,"상세정보안녕하세요!부산에서 청년이 살아가기 좋은 곳으로 만드는 청년 단체 '청바지'입니다😊❗금정인구 활력 증진을 위한 금정구청과 청바지가 함께 하는 지원사업 입니다.금정에 많은 자연환경을 느낄 수 있도록 프로그램을 준비했습니다.부산 청년들의 많은 참여 바랍니다.1. 모집 내용▶ 1인 가구 청년 & 독립 희망 청년 10명▶ 물건, 이야기 나누기 & 글쓰기▶ 참가비 무료(시원한 음료 제공)▶ 글쓰기 전문가 초청2. 장소 일정▶ 부산대역 인근 카페(추후 공지)▶ 7. 16(수) / 7. 23(수) / 7. 30(수) / 3회차 진행▶ 19:30 ~ 21:00 *일찍 오셔서 기다려도 됩니다(커피 값 미리 결제)3. 내용 구성✅ 7. 16(수) 오리엔테이션 & 네트워킹 (1회차)- 1회차에는 간단한 자기소개와 1인 가구(독립 예정)청년들이 모여서 이야기를 나누어요- 오리엔테이션은 간단한 글쓰기를 해보고 평소에 하지 못한 글쓰기 방식에 입문해요✅ 7. 23(수) 아나바다 & 글 잘 쓰는 법 (2회차)- 집에서 쓰지 않지만 상대방에게 도움이 될 물건들을 나누어요. 버리니 아깝고 당근하자니 귀찮고 그런 물건 말이에요!- 글은 나를 표현하는 중요한 도구에요. 글쓰기 강사님이 쉬운 글을 쓰는 방법을 알려줘요✅ 7. 30(수) 글 직접 쓰며 네트워킹 (3회차)- 글쓰기 모임을 운영하는 대표님이 직접 글 쓰기를 알려줘요- 글에 감정을 담아 마음을 회복해요문의사항1. instagram @bs_class2. 010-4164-20423. bluejeans0202@naver.com* 단톡방 링크 문자 확인 후, 2일 이내 미참시 다음 순번 참여자로 넘어갑니다 *",https://young.busan.go.kr/policySupport/view.nm?menuCd=13&bizSid=SUP0000001927
모집마감,"[해운대 청년JOB카페 드림포트]""파워스피치"" 완벽한 면접 기술 - 모의면접 특강",2025-07-04 ~ 2025-07-07,해운대 청년JOB카페(드림포트),2025-07-07 ~ 2025-07-07,051-321-3307,,만 15 ~ 만 39세 청년,"상세정보[해운대 청년JOB카페 드림포트 프로그램 안내]■ 프로그램 : ""파워스피치"" 완벽한 면접 기술 - 모의면접 특강■ 교육내용한국스피치지도협회 교육위원장 ""백승미"" 대표가 직업 알려주는 모의 면접의 모든 것핵심 면접 이론 개념부터, 자신의 목소리 톤에 맞는 음정과 음색에 맞는 속도까지이 모든 것을 한 번에 컨설팅 받을 수 있는 기회!📍프로그램 소개, 자기소개와 라포형성📍실전 면접자세 기본 익히기📍효과적인 자기소개 및 답변의 구조📍질문별 답변요령📍비언어 커뮤니케이션 (표정, 시선, 제스처, 음성 점검)📍면접관 지원자 역할 분담📍실전 모의면접 피드백 중심 코칭📍개인별 피드백🎯 [청년 취업 특강] 실전 면접, 제대로 준비해보셨나요?면접장에서 떨리는 목소리, 어색한 눈빛, 불안한 자세…모의면접과 자세 교정으로 합격을 끌어당기는 비밀!현직 면접관이 알려주는 실전 꿀팁부터 바로 써먹는 면접 태도까지!🎤 딱 한 번의 특강으로 면접 자신감 업그레이드!""취업 면접, 준비되어 있나요?"" 모의면접 없이 실전에 뛰어들 생각이라면 STOP!당신이 놓치고 있는 합격의 포인트, 지금 바로 이 특강에서 점검하세요!■ 일시 : 25.7.7.(월) 13:30 ~ 17:30 (4시간)■ 장소 : 해운대청년job카페 드림포트 1층 (부산 해운대구 반여로 120)■ 대상 : 15~39세 취업을 준비하는 모든 청년■ 비용 : 무료※ 주차 공간이 제공되지 않습니다. 대중교통을 이용해 주시기 바랍니다※☎ 문의 : 051-321-3331 / 051-327-3343☞<교육 신청 링크 클릭!>☜",https://young.busan.go.kr/policySupport/view.nm?menuCd=13&bizSid=SUP0000001926
모집중,[남구] 생활용품 대여사업 '없는거 빼곤 다 있소',2025-01-01 ~ 2025-12-31,남구 일자리경제과 청년정책팀,2025-01-01 ~ 2025-12-31,051-607-3666,,18~39세 청년 누구나,"상세정보[생활용품 대여사업] 없는거 빼곤 다 있소남구청년창조발전소에서 부산 남구 거주 또는 활동 청년들에게 필요한 생활용품을 대여해드립니다~!✅ 대상 : 부산 남구 거주 또는 활동 18~39세 청년✅ 대여 비용 : 품목 당 1,000원✅ 대여 기간: 7일 (대여 및 반납일 포함)/ 동일 물품 연속 대여 불가※ 단, 다음 예약자가 없을 경우 1회에 한해 연장 가능✅ 대여 조건 : 1인당 월 2회(회당 최대 2점) 물품 대여 가능함※ 물품은 수령 당시 상태와 동일하게 반납하여야 함✅ 생활 용품 대여 절차물품 대여 신청 (남구 청년창조발전소 홈페이지 생활용품 대여 신청)→ 대여 신청 승인 (유선 연락)→ 대여료 납부 및 물품 수령 (발전소 2층 사무실)→ 물품 이용 (7일간 대여)→ 물품 반납 (발전소 1층)☎ 문의 : 남구 일자리경제과 청년정책팀 (051-607-3666~7)",https://young.busan.go.kr/policySupport/view.nm?menuCd=13&bizSid=SUP0000001925
모집마감,하반기 독(讀)한 모임(독서) 모집,2025-07-07 ~ 2025-07-15,남구 일자리경제과 청년정책팀,2025-07-25 ~ 2025-12-26,051-607-3666,,18~39세 청년 누구나,상세정보📖[참여자 모집] 하반기 독(讀)한모임 참여자 모집하반기 독서모임을 함께 할 참여자를 모집합니다!독(讀)한모임은 참여자들의 질문지를 바탕으로책에 대한 의견을 나누는 독서 모임입니다.1. 모집기간 : 7. 7 (월) ~ 7. 15 (화)2. 추첨일자 : 7. 15 (화) 17:003. 운영내용 : 책에 대한 의견을 나누는 독서 모임4. 모집대상 : 18~39세 청년 누구나 / 3명 모집5. 운영일시- 하반기 독서모임 : 7~12월 매월 넷째 주 금요일 19:00~20:30- 7월 독서모임 : 7. 25(금) 19:00~20:306. 운영장소 : 남구 청년창조발전소 (남구 용소로46번길 7)7. 신청방법 : 남구 청년창조발전소 홈페이지 청년프로그램 신청8. 문의 : 남구 일자리경제과 청년정책팀 (051-607-3666~7),https://young.busan.go.kr/policySupport/view.nm?menuCd=13&bizSid=SUP0000001924
모집마감,<취미 원정대 원데이클래스> 은공예_꽃 브로치(칠보),2025-07-05 ~ 2025-07-10,남구 일자리경제과 청년정책팀,2025-07-16 ~ 2025-07-16,051-607-3666,,18~39세 청년 누구나,상세정보💎[참여자 모집]취미 원정대 원데이클래스 : 재미에 끌림은공예(칠보)_꽃 브로치은 위에 유리빛 색감을 입히는 칠보 기법으로 나만의 꽃 브로치 완성🌸많은 신청 바랍니다✨※ <취미 원정대 원데이클래스>프로그램은월별 신규 참여자를 대상으로 추첨합니다.⭐모집기간 : 7. 5 (토) ~ 7. 10 (목)⭐추첨일자 : 7. 10 (목) 17:00✅ 운영내용 : 꽃 브로치(칠보) 원데이클래스✅ 모집대상 : 18~39세 청년 누구나 / 14명 모집(헌혈자 우선 추첨:2명)✅ 운영일시 : 7. 16 (수) 18:30~20:30✅ 운영장소 : 남구 청년창조발전소 (남구 용소로46번길 7)✅ 신청방법 : 남구 청년창조발전소 홈페이지 청년프로그램 신청☎ 문의 : 남구 일자리경제과 청년정책팀 (051-607-3666~7)본 사업은 『부산광역시 2025 동네청년공간 활성화 지원사업』입니다.,https://young.busan.go.kr/policySupport/view.nm?menuCd=13&bizSid=SUP0000001923
모집마감,2025년 하반기 남구 청년인턴 일경험 사업,2025-07-07 ~ 2025-07-17,남구 일자리경제과 청년정책팀,2025-08-18 ~ 2025-12-17,051-607-3661,,18~39세 청년 누구나,"상세정보남구 거주 청년 대상 「2025년 하반기 남구 청년인턴 일경험 사업」참여자를 아래와 같이 모집합니다.○ 신청기간 : 2025.7.7.(월) 09:00 ~ 7.17.(목) 18:00○ 신청방법 : 방문신청(근무시간 09~18시 내, 주말 공휴일 제외), 이메일 접수(lyr9336@korea.kr)○ 근무기간 : 2025.8.18.(월) ~ 12.17.(수), 4개월○ 근무내용 : 행정업무 보조 등○ 근무시간 : 주5일(월~금) 09:00~18:00○ 보 수 : 1일 92,160원(부대경비 포함), 주차 및 월차 지급○ 4대보험(국민연금, 건강, 산재, 고용) 의무가입○ 공고내용 : 첨부파일 참고",https://young.busan.go.kr/policySupport/view.nm?menuCd=13&bizSid=SUP0000001922
모집마감,클래스 1839 : 엑셀 기본 활용법,2025-07-04 ~ 2025-07-10,남구 일자리경제과 청년정책팀,2025-07-15 ~ 2025-07-15,051-607-3666,,18~39세 청년 누구나,상세정보🖥️[참여자 모집] 클래스 1839_엑셀 기본 활용법엑셀 기본기부터 탄탄하게 다지고 싶다면!?신청 Go! Go!⭐모집기간 : 7. 4 (금) ~ 7. 10 (목)⭐추첨일자 : 7. 10 (목) 17:00✅ 운영내용 : 엑셀 기본 활용법✅ 모집대상 : 18~39세 청년 누구나 / 10명 모집(헌혈 우선추첨 : 2명)✅ 운영일시 : 7. 15 (화) 18:30~20:30✅ 운영장소 : 남구 청년창조발전소 4층 미디어교육장(남구 용소로46번길 7)✅ 신청방법 : 남구 청년창조발전소 홈페이지 청년프로그램 신청☎ 문의 : 남구 일자리경제과 청년정책팀 (051-607-3666~7),https://young.busan.go.kr/policySupport/view.nm?menuCd=13&bizSid=SUP0000001921
모집마감,[동구] 부각마을 위숙희씨(위스키와 김부각 페어링),2025-07-01 ~ 2025-07-17,부산광역시 동구 일자리경제과,2025-07-18 ~ 2025-07-18,051-440-4501,,부산 거주 청년 누구나,"상세정보🌃🌆북항의 야경을 바라볼 수 있는168계단 하늘길에서 위스키와 김부각의 환상적인 페어링을 만끽해 보아요🥃😎일시: 2025. 7. 18.(금) 19:30 ~ 21: 30장소:청년창업공간 이바구플랫폼 내""해피해조""(영초길191번길14, 2층)대상: 18~39세의 청년이면 누구나🙆‍♀️🙆‍♂️모집인원: 8명재료비: 25,000원문의처: (주)공공플랜051-441-1680",https://young.busan.go.kr/policySupport/view.nm?menuCd=13&bizSid=SUP0000001920
모집마감,[금정구] 금청 골목창업 프리뷰 (공방 창업 1회차 - 천연 비누 만들기),2025-07-04 ~ 2025-07-10,청년창조발전소 꿈터플러스,2025-07-15 ~ 2025-07-15,051-710-4920,,공방 창업을 희망하거나 비누 만들기에 관심이 많은 19세~39세 청년 누구나,"상세정보금청 골목창업 프리뷰 (공방 창업 1회차 - 천연 비누 만들기)-일시 : 2025년 7월 15일 (화) 14시~16시-장소 : 청년창조발전소 꿈터플러스 1층 금청아지트-인원 : 10명(선착순 마감, 결원이 생길 경우 차순위 신청자에게 기회 부여)-대상 : 공방 창업을 희망하거나 관심이 많은 19세~39세 청년 누구나-참가비용 : 1인 1만원 (노쇼 방지용, 프로그램 참여 시 환불)-교육내용 : 공방 창업 이론 + 천연 비누 만들기 실습-수강비용 : 무료-참가신청 : 꿈터플러스 홈페이지에서 신청-신청문의 : 꿈터플러스 (T.051-710-4920)-프로그램 세부 내용 : 포스터 참고* 꼭 창업을 하지 않으시더라도비누 만들기에 관심 있으신 분들 누구나 신청 가능합니다.",https://young.busan.go.kr/policySupport/view.nm?menuCd=13&bizSid=SUP0000001919
모집마감,나는 썸타,2025-07-03 ~ 2025-07-11,남구 일자리경제과 청년정책팀,2025-07-12 ~ 2025-07-12,051-607-3666,,18~39세 청년 누구나,"상세정보💓[참여자 모집] 나는 썸타서로의 취향으로 시작되는 청춘 썸머 썸씽 프로그램, 나는 썸타!취향 맞는 사람끼리 가볍게 이야기해봐요🩷🎁서로의 취향을 잘 해독하는 팀에게 상품도 있답니다⭐모집기간 : ~7. 11 (금)✅ 운영내용 : 서로의 취향으로 시작되는 자아탐구(취향 해독) 프로그램✅ 모집대상 : 부산 거주 및 활동 청년 / 선착순 16명(여:8명/남:8명)✅ 운영일시 : 7. 12 (토) 13:00~15:00✅ 운영장소 : 남구 청년창조발전소 (남구 용소로46번길 7)✅ 신청방법 : 남구 청년창조발전소 홈페이지 청년프로그램 신청☎ 문의 : 남구 일자리경제과 청년정책팀 (051-607-3666~7)",https://young.busan.go.kr/policySupport/view.nm?menuCd=13&bizSid=SUP0000001918
모집마감,[돌봄이음] 활력나눔키트,2025-07-03 ~ 2025-07-10,부산진구종합사회복지관,2025-07-11 ~ 2025-07-11,051-893-0035,,만19~39세 부산 1인가구 청년,"상세정보돌봄이음 ‘스위치 온(溫)’ 활력나눔키트 참여자 모집!부산진구 거주 1인가구 청년을 위한 따뜻한 지원💙✔ 모집대상부산진구 거주 1인가구 청년 15명(※ 기존 돌봄이음 참여자는 제외, 신규 우선)🗓 모집기간7월 3일(수) ~ 7월 10일(수)(*신청자 수에 따라 조기마감 될 수 있어요!)📦 구성품🥘 혼밥세트: 김치찌개, 라면, 즉석카레, 오뚜기밥 등🧘‍♀ 마음돌봄키트: 마음일기장, 식물재배키트, 간식 등📍 운영장소:부산광역시 부산진구 신천대로 62번길 28(부전동), 지하1층 와글와글플랫폼📲 참여방법1.구글폼 신청2.추첨을 통한 참여자 선정3.안내 연락4.키트 수령 및 간단 설문 참여👇 참여신청은 구글폼https://docs.google.com/forms/d/e/1FAIpQLScvkBL5c3f0tEX_1pQJmBTk-2u64dFa68tkNKmIvFAqrN2OMg/viewform?usp=header💬 문의: 와글와글플랫폼 인스타 DM 및 와글와글플랫폼 카카오톡 채널",https://young.busan.go.kr/policySupport/view.nm?menuCd=13&bizSid=SUP0000001917